Descrição;Preço;Estrelas;TotalReviews;Url;Data
DJI Estabilizador de gimbal para smartphone OM 5, Gimbal de telefone de 3 eixos, Haste de extensão integrada, Portátil e Dobrável, Gimbal Android e iPhone com ShotGuides, Estabilizador de Vlogs, Vídeo TikTok do YouTube, Branco;R$ 1.599,90;3,0 de 5 estrelas;DJI Estabilizador de gimbal para smartphone OM 5, Gimbal de telefone de 3 eixos, Haste de extensão integrada, Portátil e Dobrável, Gimbal Android e iPhone com ShotGuides, Estabilizador de Vlogs, Vídeo TikTok do YouTube, Branco;https://www.amazon.com.br/gp/slredirect/picassoRedirect.html/ref=pa_sp_atf_electronics_sr_pg1_1?ie=UTF8&adId=A00328671VK5PO2PXNZEL&url=%2FDJI-Estabilizador-smartphone-integrada-ShotGuides%2Fdp%2FB099ZYM3YT%2Fref%3Dsr_1_1_sspa%3F__mk_pt_BR%3D%25C3%2585M%25C3%2585%25C5%25BD%25C3%2595%25C3%2591%26dchild%3D1%26keywords%3Dsmartphone%26qid%3D1635431074%26s%3Delectronics%26sr%3D1-1-spons%26ufe%3Dapp_do%253Aamzn1.fos.25548f35-0de7-44b3-b28e-0f56f3f96147%26psc%3D1&qualifier=1635431074&id=4468282810153068&widgetName=sp_atf;2021-10-28
CARREGADOR VEICULAR PARA SMARTPHONE 3.0 TURBO 4X USB REDONDO COLORIDO LED PARA IPHONE 12 11 PRO MAX 6 7 8 XIAOMI REDMI HUAWEI;R$ 39,90;0;0;https://www.amazon.com.br/gp/slredirect/picassoRedirect.html/ref=pa_sp_atf_electronics_sr_pg1_1?ie=UTF8&adId=A06336362C7TCJHF9XCK4&url=%2FCARREGADOR-VEICULAR-SMARTPHONE-REDONDO-COLORIDO%2Fdp%2FB09224QZ9G%2Fref%3Dsr_1_2_sspa%3F__mk_pt_BR%3D%25C3%2585M%25C3%2585%25C5%25BD%25C3%2595%25C3%2591%26dchild%3D1%26keywords%3Dsmartphone%26qid%3D1635431074%26s%3Delectronics%26sr%3D1-2-spons%26psc%3D1&qualifier=1635431074&id=4468282810153068&widgetName=sp_atf;2021-10-28
YYID Suporte universal de celular para suporte de celular de carro, suporte de telefone para carro, suporte retrovisor de carro, 360 graus, compatível com todos os smartphones Apple iPhone Android;R$ 67,66;0;0;https://www.amazon.com.br/gp/slredirect/picassoRedirect.html/ref=pa_sp_atf_electronics_sr_pg1_1?ie=UTF8&adId=A00772882PI525D7JQON7&url=%2FYYID-universal-retrovisor-compat%25C3%25ADvel-smartphones%2Fdp%2FB093DP3L3N%2Fref%3Dsr_1_3_sspa%3F__mk_pt_BR%3D%25C3%2585M%25C3%2585%25C5%25BD%25C3%2595%25C3%2591%26dchild%3D1%26keywords%3Dsmartphone%26qid%3D1635431074%26s%3Delectronics%26sr%3D1-3-spons%26ufe%3Dapp_do%253Aamzn1.fos.6d798eae-cadf-45de-946a-f477d47705b9%26psc%3D1%26smid%3DA16W4TJM343RJT&qualifier=1635431074&id=4468282810153068&widgetName=sp_atf;2021-10-28
"Smartphone Positivo Q20, 4Gb Ram, 128Gb, Tela 6.1"", Camêra 13Mp Wide, 5Mp Ultrawide e 2Mp Profundidade, Câmera Frontal de 8Mp , Pearl White";R$ 799,00;4,1 de 5 estrelas;"Smartphone Positivo Q20, 4Gb Ram, 128Gb, Tela 6.1"", Camêra 13Mp Wide, 5Mp Ultrawide e 2Mp Profundidade, Câmera Frontal de 8Mp , Pearl White";https://www.amazon.com.br/Smartphone-Positivo-Q20-Ultrawide-Profundidade/dp/B08C4FQX46/ref=sr_1_4?__mk_pt_BR=%C3%85M%C3%85%C5%BD%C3%95%C3%91&dchild=1&keywords=smartphone&qid=1635431074&s=electronics&sr=1-4&ufe=app_do%3Aamzn1.fos.25548f35-0de7-44b3-b28e-0f56f3f96147;2021-10-28
Smartphone LG K41S 32GB, RAM de 3GB, Tela de 6,5” V- Notch, Câmera Quádrupla e Processador Octa-Core 2.0, Titanium;R$ 779,00;4,6 de 5 estrelas;Smartphone LG K41S 32GB, RAM de 3GB, Tela de 6,5” V- Notch, Câmera Quádrupla e Processador Octa-Core 2.0, Titanium;https://www.amazon.com.br/Smartphone-LG-Qu%C3%A1drupla-Processador-Octa-Core/dp/B088PSBKJ7/ref=sr_1_5?__mk_pt_BR=%C3%85M%C3%85%C5%BD%C3%95%C3%91&dchild=1&keywords=smartphone&qid=1635431074&s=electronics&sr=1-5&ufe=app_do%3Aamzn1.fos.25548f35-0de7-44b3-b28e-0f56f3f96147;2021-10-28
Smartphone Nokia 2.4 64GB 3GB RAM Tela de 6,5 Pol. Câmera Traseira 13MP + 2MP Cinza - NK015;R$ 899,00;4,7 de 5 estrelas;Smartphone Nokia 2.4 64GB 3GB RAM Tela de 6,5 Pol. Câmera Traseira 13MP + 2MP Cinza - NK015;https://www.amazon.com.br/Smartphone-Nokia-C%C3%A2mera-Traseira-Cinza/dp/B09155M38C/ref=sr_1_6?__mk_pt_BR=%C3%85M%C3%85%C5%BD%C3%95%C3%91&dchild=1&keywords=smartphone&qid=1635431074&s=electronics&sr=1-6&ufe=app_do%3Aamzn1.fos.25548f35-0de7-44b3-b28e-0f56f3f96147;2021-10-28
Smartphone ASUS Zenfone Max Pro M2, 6GB 64GB, Black Saphire;R$ 1.089,00;4,5 de 5 estrelas;Smartphone ASUS Zenfone Max Pro M2, 6GB 64GB, Black Saphire;https://www.amazon.com.br/Zenfone-Max-Pro-M2-6GB-64GB/dp/B082C7P34T/ref=sr_1_7?__mk_pt_BR=%C3%85M%C3%85%C5%BD%C3%95%C3%91&dchild=1&keywords=smartphone&qid=1635431074&s=electronics&sr=1-7&ufe=app_do%3Aamzn1.fos.25548f35-0de7-44b3-b28e-0f56f3f96147;2021-10-28
Smartphone Xiaomi Redmi 9 India 64GB 4GB RAM Tela 6,53'' Android 10 Octa-Core Dual Sim - Preto;R$ 1.149,99;4,4 de 5 estrelas;Smartphone Xiaomi Redmi 9 India 64GB 4GB RAM Tela 6,53'' Android 10 Octa-Core Dual Sim - Preto;https://www.amazon.com.br/Smartphone-Xiaomi-Redmi-Android-Octa-Core/dp/B086985T6R/ref=sr_1_8?__mk_pt_BR=%C3%85M%C3%85%C5%BD%C3%95%C3%91&dchild=1&keywords=smartphone&qid=1635431074&s=electronics&sr=1-8&ufe=app_do%3Aamzn1.fos.25548f35-0de7-44b3-b28e-0f56f3f96147;2021-10-28
Smartphone Xiaomi Redmi Note 8 4RAM 64GB Tela 6.3 LTE Dual Azul;R$ 1.213,80;4,8 de 5 estrelas;Smartphone Xiaomi Redmi Note 8 4RAM 64GB Tela 6.3 LTE Dual Azul;https://www.amazon.com.br/Smartphone-Xiaomi-Redmi-Note-4RAM/dp/B07Y9XWK4M/ref=sr_1_9?__mk_pt_BR=%C3%85M%C3%85%C5%BD%C3%95%C3%91&dchild=1&keywords=smartphone&qid=1635431074&s=electronics&sr=1-9&ufe=app_do%3Aamzn1.fos.25548f35-0de7-44b3-b28e-0f56f3f96147;2021-10-28
Smartphone Xiaomi Redmi 9 Dual Chip 64gb 4gb Sunset Purple;R$ 1.189,99;4,8 de 5 estrelas;Smartphone Xiaomi Redmi 9 Dual Chip 64gb 4gb Sunset Purple;https://www.amazon.com.br/Smartphone-Xiaomi-Redmi-Sunset-Purple/dp/B08B3NVQ7V/ref=sr_1_10?__mk_pt_BR=%C3%85M%C3%85%C5%BD%C3%95%C3%91&dchild=1&keywords=smartphone&qid=1635431074&s=electronics&sr=1-10&ufe=app_do%3Aamzn1.fos.25548f35-0de7-44b3-b28e-0f56f3f96147;2021-10-28
Smartphone Zenfone Max Pro M2 - 4GB 64GB , Black Saphire;R$ 1.044,00;4,5 de 5 estrelas;Smartphone Zenfone Max Pro M2 - 4GB 64GB , Black Saphire;https://www.amazon.com.br/Zenfone-Max-Pro-M2-4GB-64GB/dp/B07YGVH7L5/ref=sr_1_11?__mk_pt_BR=%C3%85M%C3%85%C5%BD%C3%95%C3%91&dchild=1&keywords=smartphone&qid=1635431074&s=electronics&sr=1-11&ufe=app_do%3Aamzn1.fos.25548f35-0de7-44b3-b28e-0f56f3f96147;2021-10-28
Smartphone Poco X3 PRO 256gb 8gb RAM – Phantom Black - Preto;R$ 1.980,00;4,8 de 5 estrelas;Smartphone Poco X3 PRO 256gb 8gb RAM – Phantom Black - Preto;https://www.amazon.com.br/Smartphone-Poco-PRO-256gb-8gb/dp/B0919PLV7S/ref=sr_1_12?__mk_pt_BR=%C3%85M%C3%85%C5%BD%C3%95%C3%91&dchild=1&keywords=smartphone&qid=1635431074&s=electronics&sr=1-12&ufe=app_do%3Aamzn1.fos.25548f35-0de7-44b3-b28e-0f56f3f96147;2021-10-28
BTSRPU Suporte universal de celular para carro com rotação de 360 graus, suporte para smartphone e espelho retrovisor de carro;R$ 54,41;0;0;https://www.amazon.com.br/gp/slredirect/picassoRedirect.html/ref=pa_sp_mtf_electronics_sr_pg1_1?ie=UTF8&adId=A0076852RNRRQXFO4MSU&url=%2FBTSRPU-Suporte-universal-smartphone-retrovisor%2Fdp%2FB093DNPN8K%2Fref%3Dsr_1_13_sspa%3F__mk_pt_BR%3D%25C3%2585M%25C3%2585%25C5%25BD%25C3%2595%25C3%2591%26dchild%3D1%26keywords%3Dsmartphone%26qid%3D1635431074%26s%3Delectronics%26sr%3D1-13-spons%26psc%3D1%26smid%3DA16W4TJM343RJT&qualifier=1635431074&id=4468282810153068&widgetName=sp_mtf;2021-10-28
Suporte de celular para carro, suporte giratório de 360 graus para tablet, para-brisa, painel, espelho retrovisor do carro, suporte universal para smartphone compatível com iPhone, Samsung, Huawei;R$ 62,40;0;0;https://www.amazon.com.br/gp/slredirect/picassoRedirect.html/ref=pa_sp_mtf_electronics_sr_pg1_1?ie=UTF8&adId=A06808191JRF9ZFGNNSZT&url=%2Fgirat%25C3%25B3rio-para-brisa-retrovisor-smartphone-compat%25C3%25ADvel%2Fdp%2FB08Z3ZVW35%2Fref%3Dsr_1_14_sspa%3F__mk_pt_BR%3D%25C3%2585M%25C3%2585%25C5%25BD%25C3%2595%25C3%2591%26dchild%3D1%26keywords%3Dsmartphone%26qid%3D1635431074%26s%3Delectronics%26sr%3D1-14-spons%26ufe%3Dapp_do%253Aamzn1.fos.6d798eae-cadf-45de-946a-f477d47705b9%26psc%3D1%26smid%3DA16W4TJM343RJT&qualifier=1635431074&id=4468282810153068&widgetName=sp_mtf;2021-10-28
KKmoon Suporte para tablet/telefone para mesa, suporte ajustável para mesa compatível com smartphones e tablets pretos;R$ 79,99;0;0;https://www.amazon.com.br/gp/slredirect/picassoRedirect.html/ref=pa_sp_mtf_electronics_sr_pg1_1?ie=UTF8&adId=A1019606AGYB9BTCQQF2&url=%2FSuporte-telefone-ajust%25C3%25A1vel-compat%25C3%25ADvel-smartphones%2Fdp%2FB08L6TKJ8Q%2Fref%3Dsr_1_15_sspa%3F__mk_pt_BR%3D%25C3%2585M%25C3%2585%25C5%25BD%25C3%2595%25C3%2591%26dchild%3D1%26keywords%3Dsmartphone%26qid%3D1635431074%26s%3Delectronics%26sr%3D1-15-spons%26ufe%3Dapp_do%253Aamzn1.fos.6d798eae-cadf-45de-946a-f477d47705b9%26psc%3D1&qualifier=1635431074&id=4468282810153068&widgetName=sp_mtf;2021-10-28
Smartphone Nokia 5.3 128GB Dual SIM 4GB RAM Tela 6,55 Pol. Câmera Quádrupla com IA + Lentes Ultra-Wide Carvão NK007;R$ 1.349,00;4,4 de 5 estrelas;Smartphone Nokia 5.3 128GB Dual SIM 4GB RAM Tela 6,55 Pol. Câmera Quádrupla com IA + Lentes Ultra-Wide Carvão NK007;https://www.amazon.com.br/Smartphone-Nokia-Qu%C3%A1drupla-Ultra-Wide-NK007/dp/B08MB7B9M7/ref=sr_1_16?__mk_pt_BR=%C3%85M%C3%85%C5%BD%C3%95%C3%91&dchild=1&keywords=smartphone&qid=1635431074&s=electronics&sr=1-16&ufe=app_do%3Aamzn1.fos.25548f35-0de7-44b3-b28e-0f56f3f96147;2021-10-28
Smartphone LG K22 , 2GB/32GB, Tela de 6, Câmera Dupla 13Mp+2Mp, Selfie de 5Mp, Processador Qualcomm QM215 , Bateria 3,000mAh , Titanium;R$ 739,00;4,4 de 5 estrelas;Smartphone LG K22 , 2GB/32GB, Tela de 6, Câmera Dupla 13Mp+2Mp, Selfie de 5Mp, Processador Qualcomm QM215 , Bateria 3,000mAh , Titanium;https://www.amazon.com.br/Smartphone-LG-Processador-Qualcomm-Titanium/dp/B08DRMQ29D/ref=sr_1_17?__mk_pt_BR=%C3%85M%C3%85%C5%BD%C3%95%C3%91&dchild=1&keywords=smartphone&qid=1635431074&s=electronics&sr=1-17&ufe=app_do%3Aamzn1.fos.25548f35-0de7-44b3-b28e-0f56f3f96147;2021-10-28
Smartphone Poco X3 PRO 256gb 8gb RAM – Frost Blue - Azul;R$ 2.009,00;4,8 de 5 estrelas;Smartphone Poco X3 PRO 256gb 8gb RAM – Frost Blue - Azul;https://www.amazon.com.br/Smartphone-Poco-PRO-256gb-8gb/dp/B0919N55XG/ref=sr_1_18?__mk_pt_BR=%C3%85M%C3%85%C5%BD%C3%95%C3%91&dchild=1&keywords=smartphone&qid=1635431074&s=electronics&sr=1-18&ufe=app_do%3Aamzn1.fos.25548f35-0de7-44b3-b28e-0f56f3f96147;2021-10-28
"Smartphone Positivo Twist 3 Pro S533 64GB Dual Chip 5.7"" - Grafite";R$ 500,00;4,0 de 5 estrelas;"Smartphone Positivo Twist 3 Pro S533 64GB Dual Chip 5.7"" - Grafite";https://www.amazon.com.br/Smartphone-Positivo-Twist-Pro-Acompanha/dp/B08C4PTMJX/ref=sr_1_19?__mk_pt_BR=%C3%85M%C3%85%C5%BD%C3%95%C3%91&dchild=1&keywords=smartphone&qid=1635431074&s=electronics&sr=1-19&ufe=app_do%3Aamzn1.fos.25548f35-0de7-44b3-b28e-0f56f3f96147;2021-10-28
Smartphone Xiaomi Redmi 9i 128GB 4GB RAM Global Preto;R$ 1.695,07;4,2 de 5 estrelas;Smartphone Xiaomi Redmi 9i 128GB 4GB RAM Global Preto;https://www.amazon.com.br/Smartphone-Xiaomi-Redmi-9i-Global/dp/B08JCHSKNX/ref=sr_1_20?__mk_pt_BR=%C3%85M%C3%85%C5%BD%C3%95%C3%91&dchild=1&keywords=smartphone&qid=1635431074&s=electronics&sr=1-20&ufe=app_do%3Aamzn1.fos.25548f35-0de7-44b3-b28e-0f56f3f96147;2021-10-28
"Smartphone Samsung Galaxy A12, Branco, Tela 6.5"", 4G+Wi-Fi, Android 10, Câm Traseira 48+5+2+2MP, Frontal 8MP, 64GB";R$ 1.099,90;4,1 de 5 estrelas;"Smartphone Samsung Galaxy A12, Branco, Tela 6.5"", 4G+Wi-Fi, Android 10, Câm Traseira 48+5+2+2MP, Frontal 8MP, 64GB";https://www.amazon.com.br/Smartphone-Samsung-Android-Traseira-Frontal/dp/B08XVS43C1/ref=sr_1_21?__mk_pt_BR=%C3%85M%C3%85%C5%BD%C3%95%C3%91&dchild=1&keywords=smartphone&qid=1635431074&s=electronics&sr=1-21&ufe=app_do%3Aamzn1.fos.25548f35-0de7-44b3-b28e-0f56f3f96147;2021-10-28
Smartphone Xiaomi Redmi Note 10 Versão Global 6GB+128GB Cinza;R$ 1.726,75;4,6 de 5 estrelas;Smartphone Xiaomi Redmi Note 10 Versão Global 6GB+128GB Cinza;https://www.amazon.com.br/Smartphone-Xiaomi-Redmi-Vers%C3%A3o-Global/dp/B091FRHNX9/ref=sr_1_22?__mk_pt_BR=%C3%85M%C3%85%C5%BD%C3%95%C3%91&dchild=1&keywords=smartphone&qid=1635431074&s=electronics&sr=1-22&ufe=app_do%3Aamzn1.fos.25548f35-0de7-44b3-b28e-0f56f3f96147;2021-10-28
Smartphone Multilaser F Pro 4G 16GB Android 9 Preto - P9118;R$ 499,90;4,0 de 5 estrelas;Smartphone Multilaser F Pro 4G 16GB Android 9 Preto - P9118;https://www.amazon.com.br/Smartphone-Multilaser-16GB-Android-Preto/dp/B084LHWPD7/ref=sr_1_23?__mk_pt_BR=%C3%85M%C3%85%C5%BD%C3%95%C3%91&dchild=1&keywords=smartphone&qid=1635431074&s=electronics&sr=1-23&ufe=app_do%3Aamzn1.fos.25548f35-0de7-44b3-b28e-0f56f3f96147;2021-10-28
Smartphone Poco X3 PRO 256gb 8gb RAM - Metal Bronze - Dourado;R$ 1.999,00;4,8 de 5 estrelas;Smartphone Poco X3 PRO 256gb 8gb RAM - Metal Bronze - Dourado;https://www.amazon.com.br/Smartphone-Poco-X3-PRO-256gb/dp/B0919LWHVK/ref=sr_1_24?__mk_pt_BR=%C3%85M%C3%85%C5%BD%C3%95%C3%91&dchild=1&keywords=smartphone&qid=1635431074&s=electronics&sr=1-24&ufe=app_do%3Aamzn1.fos.25548f35-0de7-44b3-b28e-0f56f3f96147;2021-10-28
Celular Smartphone Xiaomi Note 9 Forest Green 128GB + 4GB RAM- Versión Global;R$ 1.544,99;4,7 de 5 estrelas;Celular Smartphone Xiaomi Note 9 Forest Green 128GB + 4GB RAM- Versión Global;https://www.amazon.com.br/Celular-Smartphone-Xiaomi-Note-Forest/dp/B088HJC42B/ref=sr_1_25?__mk_pt_BR=%C3%85M%C3%85%C5%BD%C3%95%C3%91&dchild=1&keywords=smartphone&qid=1635431074&s=electronics&sr=1-25&ufe=app_do%3Aamzn1.fos.25548f35-0de7-44b3-b28e-0f56f3f96147;2021-10-28
Smartphone Motorola Moto E6i 32GB Cinza - 4G 2GB RAM Tela 6,1” Câm. Dupla + Selfie 5MP;R$ 772,00;4,3 de 5 estrelas;Smartphone Motorola Moto E6i 32GB Cinza - 4G 2GB RAM Tela 6,1” Câm. Dupla + Selfie 5MP;https://www.amazon.com.br/Smartphone-Motorola-Moto-32GB-Cinza/dp/B0927TCTGN/ref=sr_1_26?__mk_pt_BR=%C3%85M%C3%85%C5%BD%C3%95%C3%91&dchild=1&keywords=smartphone&qid=1635431074&s=electronics&sr=1-26&ufe=app_do%3Aamzn1.fos.25548f35-0de7-44b3-b28e-0f56f3f96147;2021-10-28
Smartphone Xiaomi Redmi 9a 32gb 2gb Ram 4 Câmeras Azul;R$ 859,00;4,3 de 5 estrelas;Smartphone Xiaomi Redmi 9a 32gb 2gb Ram 4 Câmeras Azul;https://www.amazon.com.br/Smartphone-Xiaomi-Redmi-32gb-C%C3%A2meras/dp/B08G1THW34/ref=sr_1_27?__mk_pt_BR=%C3%85M%C3%85%C5%BD%C3%95%C3%91&dchild=1&keywords=smartphone&qid=1635431074&s=electronics&sr=1-27&ufe=app_do%3Aamzn1.fos.25548f35-0de7-44b3-b28e-0f56f3f96147;2021-10-28
Smartphone Xiaomi Redmi Note 9S - 6GB + 128GB - Versão Global - Cinza;R$ 2.299,99;4,7 de 5 estrelas;Smartphone Xiaomi Redmi Note 9S - 6GB + 128GB - Versão Global - Cinza;https://www.amazon.com.br/Smartphone-Xiaomi-Redmi-Note-9S/dp/B088RMBPPY/ref=sr_1_28?__mk_pt_BR=%C3%85M%C3%85%C5%BD%C3%95%C3%91&dchild=1&keywords=smartphone&qid=1635431074&s=electronics&sr=1-28&ufe=app_do%3Aamzn1.fos.25548f35-0de7-44b3-b28e-0f56f3f96147;2021-10-28
Smartphone Poco X3 PRO 128gb 6gb RAM – Phantom Black - Preto;R$ 1.769,00;4,8 de 5 estrelas;Smartphone Poco X3 PRO 128gb 6gb RAM – Phantom Black - Preto;https://www.amazon.com.br/Smartphone-Poco-PRO-128gb-6gb/dp/B0919N2P7J/ref=sr_1_29?__mk_pt_BR=%C3%85M%C3%85%C5%BD%C3%95%C3%91&dchild=1&keywords=smartphone&qid=1635431074&s=electronics&sr=1-29&ufe=app_do%3Aamzn1.fos.25548f35-0de7-44b3-b28e-0f56f3f96147;2021-10-28
Smartphone Xiaomi Redmi Note 8 (2021) 64GB Branco;R$ 1.295,00;4,8 de 5 estrelas;Smartphone Xiaomi Redmi Note 8 (2021) 64GB Branco;https://www.amazon.com.br/Smartphone-Xiaomi-Redmi-Note-Branco/dp/B0968GMB77/ref=sr_1_30?__mk_pt_BR=%C3%85M%C3%85%C5%BD%C3%95%C3%91&dchild=1&keywords=smartphone&qid=1635431074&s=electronics&sr=1-30&ufe=app_do%3Aamzn1.fos.25548f35-0de7-44b3-b28e-0f56f3f96147;2021-10-28
Teclado sem fio Logitech K380 com Conexão Bluetooth para até 3 dispositivos e Pilha Inclusa para PC, Mac, Android, iOS e Apple TV - Cinza;R$ 212,96;4,8 de 5 estrelas;Teclado sem fio Logitech K380 com Conexão Bluetooth para até 3 dispositivos e Pilha Inclusa para PC, Mac, Android, iOS e Apple TV - Cinza;https://www.amazon.com.br/gp/slredirect/picassoRedirect.html/ref=pa_sp_btf_electronics_sr_pg1_1?ie=UTF8&adId=A07635582Z8MFUEXBWJDI&url=%2FTeclado-Bluetooth-Multi-Dispositivo-Logitech-Teclados%2Fdp%2FB075F3WMMC%2Fref%3Dsr_1_31_sspa%3F__mk_pt_BR%3D%25C3%2585M%25C3%2585%25C5%25BD%25C3%2595%25C3%2591%26dchild%3D1%26keywords%3Dsmartphone%26qid%3D1635431074%26s%3Delectronics%26sr%3D1-31-spons%26ufe%3Dapp_do%253Aamzn1.fos.4bb5663b-6f7d-4772-84fa-7c7f565ec65b%26psc%3D1&qualifier=1635431074&id=4468282810153068&widgetName=sp_btf;2021-10-28
Botão recarregável BT Teclado sem som Compatibilidade com vários sistemas Compatibilidade com teclas multifuncionais Teclado BT + cabo USB preto;R$ 140,46;0;0;https://www.amazon.com.br/gp/slredirect/picassoRedirect.html/ref=pa_sp_btf_electronics_sr_pg1_1?ie=UTF8&adId=A06645982RHJVZOEHY3LU&url=%2Frecarreg%25C3%25A1vel-Teclado-Compatibilidade-sistemas-multifuncionais%2Fdp%2FB09JK5MBB4%2Fref%3Dsr_1_32_sspa%3F__mk_pt_BR%3D%25C3%2585M%25C3%2585%25C5%25BD%25C3%2595%25C3%2591%26dchild%3D1%26keywords%3Dsmartphone%26qid%3D1635431074%26s%3Delectronics%26sr%3D1-32-spons%26ufe%3Dapp_do%253Aamzn1.fos.6a09f7ec-d911-4889-ad70-de8dd83c8a74%26psc%3D1&qualifier=1635431074&id=4468282810153068&widgetName=sp_btf;2021-10-28
Teclado BT recarregável mudo Compatibilidade com vários sistemas Compatibilidade com teclas multifuncionais Teclado BT + cabo USB preto;R$ 116,45;0;0;https://www.amazon.com.br/gp/slredirect/picassoRedirect.html/ref=pa_sp_btf_electronics_sr_pg1_1?ie=UTF8&adId=A066429818ZT2H4RRCN3B&url=%2FTeclado-recarreg%25C3%25A1vel-Compatibilidade-sistemas-multifuncionais%2Fdp%2FB09JJZSD94%2Fref%3Dsr_1_33_sspa%3F__mk_pt_BR%3D%25C3%2585M%25C3%2585%25C5%25BD%25C3%2595%25C3%2591%26dchild%3D1%26keywords%3Dsmartphone%26qid%3D1635431074%26s%3Delectronics%26sr%3D1-33-spons%26ufe%3Dapp_do%253Aamzn1.fos.6121c6c4-c969-43ae-92f7-cc248fc6181d%26psc%3D1&qualifier=1635431074&id=4468282810153068&widgetName=sp_btf;2021-10-28
Estabilizador de suporte portátil para smartphone portátil BT selfie Stick retrátil dobrável embutido em tripé luz de preenchimento com cabo de carregamento USB;R$ 359,55;0;0;https://www.amazon.com.br/gp/slredirect/picassoRedirect.html/ref=pa_sp_atf_next_electronics_sr_pg2_1?ie=UTF8&adId=A0365050ESR4FYWIE47L&url=%2FEstabilizador-port%25C3%25A1til-smartphone-preenchimento-carregamento%2Fdp%2FB09JK3NVXW%2Fref%3Dsr_1_25_sspa%3F__mk_pt_BR%3D%25C3%2585M%25C3%2585%25C5%25BD%25C3%2595%25C3%2591%26dchild%3D1%26keywords%3Dsmartphone%26qid%3D1635431077%26s%3Delectronics%26sr%3D1-25-spons%26ufe%3Dapp_do%253Aamzn1.fos.25548f35-0de7-44b3-b28e-0f56f3f96147%26psc%3D1&qualifier=1635431077&id=1098564689792585&widgetName=sp_atf_next;2021-10-28
Microfone de lapela SOLESTE de 3,5 mm Microfone de colar com clipe de 6 metros com fio para câmera SLR de smartphone com bolsa de armazenamento Adaptador de áudio de 6,5 mm;R$ 176,49;0;0;https://www.amazon.com.br/gp/slredirect/picassoRedirect.html/ref=pa_sp_atf_next_electronics_sr_pg2_1?ie=UTF8&adId=A02981511RNNEWCCI2KOP&url=%2FMicrofone-SOLESTE-smartphone-armazenamento-Adaptador%2Fdp%2FB09JJY8J7H%2Fref%3Dsr_1_26_sspa%3F__mk_pt_BR%3D%25C3%2585M%25C3%2585%25C5%25BD%25C3%2595%25C3%2591%26dchild%3D1%26keywords%3Dsmartphone%26qid%3D1635431077%26s%3Delectronics%26sr%3D1-26-spons%26ufe%3Dapp_do%253Aamzn1.fos.db68964d-7c0e-4bb2-a95c-e5cb9e32eb12%26psc%3D1&qualifier=1635431077&id=1098564689792585&widgetName=sp_atf_next;2021-10-28
Projetor 3D holográfico pirâmide acessórios para telefone celular, projetor de exibição pirâmide holograma 3D universal para smartphone;R$ 72,10;0;0;https://www.amazon.com.br/gp/slredirect/picassoRedirect.html/ref=pa_sp_atf_next_electronics_sr_pg2_1?ie=UTF8&adId=A03106091VWLS2N36TKUO&url=%2Fhologr%25C3%25A1fico-acess%25C3%25B3rios-holograma-universal-smartphone%2Fdp%2FB09FF7N4HZ%2Fref%3Dsr_1_27_sspa%3F__mk_pt_BR%3D%25C3%2585M%25C3%2585%25C5%25BD%25C3%2595%25C3%2591%26dchild%3D1%26keywords%3Dsmartphone%26qid%3D1635431077%26s%3Delectronics%26sr%3D1-27-spons%26ufe%3Dapp_do%253Aamzn1.fos.6d798eae-cadf-45de-946a-f477d47705b9%26psc%3D1&qualifier=1635431077&id=1098564689792585&widgetName=sp_atf_next;2021-10-28
Smartphone Nokia 5.4 128GB 4GB RAM Tela de 6,3 Pol. Câmera Traseira 48MP Roxo - NK026;R$ 1.380,86;4,0 de 5 estrelas;Smartphone Nokia 5.4 128GB 4GB RAM Tela de 6,3 Pol. Câmera Traseira 48MP Roxo - NK026;https://www.amazon.com.br/Smartphone-Nokia-128GB-C%C3%A2mera-Traseira/dp/B092DQYVNP/ref=sr_1_28?__mk_pt_BR=%C3%85M%C3%85%C5%BD%C3%95%C3%91&dchild=1&keywords=smartphone&qid=1635431077&s=electronics&sr=1-28&ufe=app_do%3Aamzn1.fos.25548f35-0de7-44b3-b28e-0f56f3f96147;2021-10-28
Smartphone Multilaser G Pro 2 32GB + 2GB RAM 4G Tela 6,5 Câmera Tripla + 8 MP para selfies Processador Octa Core Preto - P9125;R$ 675,00;4,8 de 5 estrelas;Smartphone Multilaser G Pro 2 32GB + 2GB RAM 4G Tela 6,5 Câmera Tripla + 8 MP para selfies Processador Octa Core Preto - P9125;https://www.amazon.com.br/SMARTPHONE-P9125-32GB-TELA-PRETO/dp/B08Z4GF56G/ref=sr_1_30?__mk_pt_BR=%C3%85M%C3%85%C5%BD%C3%95%C3%91&dchild=1&keywords=smartphone&qid=1635431077&s=electronics&sr=1-30&ufe=app_do%3Aamzn1.fos.25548f35-0de7-44b3-b28e-0f56f3f96147;2021-10-28
Smartphone Xiaomi Redmi Note 8 (2021);R$ 1.239,00;4,6 de 5 estrelas;Smartphone Xiaomi Redmi Note 8 (2021);https://www.amazon.com.br/Smartphone-Xiaomi-Redmi-Note-8/dp/B0968GPTYM/ref=sr_1_31?__mk_pt_BR=%C3%85M%C3%85%C5%BD%C3%95%C3%91&dchild=1&keywords=smartphone&qid=1635431077&s=electronics&sr=1-31&ufe=app_do%3Aamzn1.fos.25548f35-0de7-44b3-b28e-0f56f3f96147;2021-10-28
Smartphone LG K52 64GB Verde 4G Octa-Core 3GB RAM - Tela 6,59” Câm. Quádrupla + Selfie 8MP Dual Chip;R$ 1.149,00;4,6 de 5 estrelas;Smartphone LG K52 64GB Verde 4G Octa-Core 3GB RAM - Tela 6,59” Câm. Quádrupla + Selfie 8MP Dual Chip;https://www.amazon.com.br/Smartphone-LG-64GB-Verde-Octa-Core/dp/B08NTV23GM/ref=sr_1_32?__mk_pt_BR=%C3%85M%C3%85%C5%BD%C3%95%C3%91&dchild=1&keywords=smartphone&qid=1635431077&s=electronics&sr=1-32&ufe=app_do%3Aamzn1.fos.25548f35-0de7-44b3-b28e-0f56f3f96147;2021-10-28
Smartphone Xiaomi Redmi 9A Versão Global - Verde;R$ 849,00;4,5 de 5 estrelas;Smartphone Xiaomi Redmi 9A Versão Global - Verde;https://www.amazon.com.br/Smartphone-Xiaomi-Redmi-9A-Vers%C3%A3o/dp/B08CH6PPX3/ref=sr_1_33?__mk_pt_BR=%C3%85M%C3%85%C5%BD%C3%95%C3%91&dchild=1&keywords=smartphone&qid=1635431077&s=electronics&sr=1-33&ufe=app_do%3Aamzn1.fos.25548f35-0de7-44b3-b28e-0f56f3f96147;2021-10-28
Xiaomi Redmi Note 9 128GB 4GB RAM - Versión Global - Midnight Grey;R$ 1.659,00;4,7 de 5 estrelas;Xiaomi Redmi Note 9 128GB 4GB RAM - Versión Global - Midnight Grey;https://www.amazon.com.br/Xiaomi-Redmi-Note-128GB-4GB/dp/B088HJ3FCX/ref=sr_1_34?__mk_pt_BR=%C3%85M%C3%85%C5%BD%C3%95%C3%91&dchild=1&keywords=smartphone&qid=1635431077&s=electronics&sr=1-34&ufe=app_do%3Aamzn1.fos.25548f35-0de7-44b3-b28e-0f56f3f96147;2021-10-28
Smartphone Xiaomi Redmi 9 India 64GB 4GB RAM Tela 6,53'' Android 10 Octa-Core Dual Sim - Sky Blue;R$ 1.118,47;4,6 de 5 estrelas;Smartphone Xiaomi Redmi 9 India 64GB 4GB RAM Tela 6,53'' Android 10 Octa-Core Dual Sim - Sky Blue;https://www.amazon.com.br/Smartphone-Xiaomi-Redmi-Android-Octa-Core/dp/B08697N43N/ref=sr_1_35?__mk_pt_BR=%C3%85M%C3%85%C5%BD%C3%95%C3%91&dchild=1&keywords=smartphone&qid=1635431077&s=electronics&sr=1-35&ufe=app_do%3Aamzn1.fos.25548f35-0de7-44b3-b28e-0f56f3f96147;2021-10-28
Smartphone LG K51S, 3GB/64GB, 32MP, Titanium;R$ 1.399,00;4,7 de 5 estrelas;Smartphone LG K51S, 3GB/64GB, 32MP, Titanium;https://www.amazon.com.br/Smartphone-LG-K51S-64GB-Titanium/dp/B088419FRD/ref=sr_1_36?__mk_pt_BR=%C3%85M%C3%85%C5%BD%C3%95%C3%91&dchild=1&keywords=smartphone&qid=1635431077&s=electronics&sr=1-36&ufe=app_do%3Aamzn1.fos.25548f35-0de7-44b3-b28e-0f56f3f96147;2021-10-28
Smartphone Xiaomi Redmi Note 8 4GB Ram Tela 6.3 64GB Camera Quad 48+8+2+2MP - Preto;R$ 1.229,00;4,7 de 5 estrelas;Smartphone Xiaomi Redmi Note 8 4GB Ram Tela 6.3 64GB Camera Quad 48+8+2+2MP - Preto;https://www.amazon.com.br/Smartphone-Xiaomi-Redmi-Note-Camera/dp/B07ZJZ7VW6/ref=sr_1_37?__mk_pt_BR=%C3%85M%C3%85%C5%BD%C3%95%C3%91&dchild=1&keywords=smartphone&qid=1635431077&s=electronics&sr=1-37&ufe=app_do%3Aamzn1.fos.25548f35-0de7-44b3-b28e-0f56f3f96147;2021-10-28
"Smartphone Samsung Galaxy A31 Dual Chip, Android 10, Tela 6.4"", Octa-Core, 128GB 4G, Câmera Quádrupla 48MP+8MP+5MP+5MP, Preto, SM-A315GZKKZTO";R$ 1.889,00;4,7 de 5 estrelas;"Smartphone Samsung Galaxy A31 Dual Chip, Android 10, Tela 6.4"", Octa-Core, 128GB 4G, Câmera Quádrupla 48MP+8MP+5MP+5MP, Preto, SM-A315GZKKZTO";https://www.amazon.com.br/Smartphone-Samsung-Octa-Core-Qu%C3%A1drupla-SM-A315GZKKZTO/dp/B089ZW4PB3/ref=sr_1_38?__mk_pt_BR=%C3%85M%C3%85%C5%BD%C3%95%C3%91&dchild=1&keywords=smartphone&qid=1635431077&s=electronics&sr=1-38&ufe=app_do%3Aamzn1.fos.25548f35-0de7-44b3-b28e-0f56f3f96147;2021-10-28
Smartphone Xiaomi Redmi Note 9S - 4GB + 64GB - Versão Global - Aurora Blue;R$ 1.705,25;4,7 de 5 estrelas;Smartphone Xiaomi Redmi Note 9S - 4GB + 64GB - Versão Global - Aurora Blue;https://www.amazon.com.br/Smartphone-Xiaomi-Redmi-Note-9S/dp/B085S47W3M/ref=sr_1_39?__mk_pt_BR=%C3%85M%C3%85%C5%BD%C3%95%C3%91&dchild=1&keywords=smartphone&qid=1635431077&s=electronics&sr=1-39&ufe=app_do%3Aamzn1.fos.25548f35-0de7-44b3-b28e-0f56f3f96147;2021-10-28
YYID Suporte universal de celular para suporte de celular de carro, suporte de telefone para carro, suporte retrovisor de carro, 360 graus, compatível com todos os smartphones Apple iPhone Android;R$ 67,66;0;0;https://www.amazon.com.br/gp/slredirect/picassoRedirect.html/ref=pa_sp_mtf_electronics_sr_pg2_1?ie=UTF8&adId=A0077132T511RZR2B3WD&url=%2FYYID-universal-retrovisor-compat%25C3%25ADvel-smartphones%2Fdp%2FB093DN9R5M%2Fref%3Dsr_1_40_sspa%3F__mk_pt_BR%3D%25C3%2585M%25C3%2585%25C5%25BD%25C3%2595%25C3%2591%26dchild%3D1%26keywords%3Dsmartphone%26qid%3D1635431077%26s%3Delectronics%26sr%3D1-40-spons%26ufe%3Dapp_do%253Aamzn1.fos.6d798eae-cadf-45de-946a-f477d47705b9%26psc%3D1%26smid%3DA16W4TJM343RJT&qualifier=1635431077&id=1098564689792585&widgetName=sp_mtf;2021-10-28
BTSRPU Suporte universal de celular para carro com rotação de 360 graus, suporte para smartphone e espelho retrovisor de carro;R$ 54,41;0;0;https://www.amazon.com.br/gp/slredirect/picassoRedirect.html/ref=pa_sp_mtf_electronics_sr_pg2_1?ie=UTF8&adId=A007700827ZG6MOSEOALN&url=%2FBTSRPU-Suporte-universal-smartphone-retrovisor%2Fdp%2FB093DM1JCB%2Fref%3Dsr_1_41_sspa%3F__mk_pt_BR%3D%25C3%2585M%25C3%2585%25C5%25BD%25C3%2595%25C3%2591%26dchild%3D1%26keywords%3Dsmartphone%26qid%3D1635431077%26s%3Delectronics%26sr%3D1-41-spons%26psc%3D1%26smid%3DA16W4TJM343RJT&qualifier=1635431077&id=1098564689792585&widgetName=sp_mtf;2021-10-28
Teclado recarregável BT Botão mudo Compatibilidade com vários sistemas Compatibilidade com teclas multifuncionais Teclado BT + cabo USB branco;R$ 140,46;0;0;https://www.amazon.com.br/gp/slredirect/picassoRedirect.html/ref=pa_sp_mtf_electronics_sr_pg2_1?ie=UTF8&adId=A06643541QPZ2J57U7PN1&url=%2FTeclado-recarreg%25C3%25A1vel-Compatibilidade-sistemas-multifuncionais%2Fdp%2FB09JJNWLXS%2Fref%3Dsr_1_42_sspa%3F__mk_pt_BR%3D%25C3%2585M%25C3%2585%25C5%25BD%25C3%2595%25C3%2591%26dchild%3D1%26keywords%3Dsmartphone%26qid%3D1635431077%26s%3Delectronics%26sr%3D1-42-spons%26ufe%3Dapp_do%253Aamzn1.fos.6a09f7ec-d911-4889-ad70-de8dd83c8a74%26psc%3D1&qualifier=1635431077&id=1098564689792585&widgetName=sp_mtf;2021-10-28
Smartphone, Multilaser, E Lite, 32 GB, Preto, 3G;R$ 331,90;3,6 de 5 estrelas;Smartphone, Multilaser, E Lite, 32 GB, Preto, 3G;https://www.amazon.com.br/CELULAR-LITE-P9126-PRETO-Multilaser/dp/B08G5C8DVX/ref=sr_1_43?__mk_pt_BR=%C3%85M%C3%85%C5%BD%C3%95%C3%91&dchild=1&keywords=smartphone&qid=1635431077&s=electronics&sr=1-43&ufe=app_do%3Aamzn1.fos.25548f35-0de7-44b3-b28e-0f56f3f96147;2021-10-28
Xiaomi Redmi 9A;R$ 849,90;4,6 de 5 estrelas;Xiaomi Redmi 9A;https://www.amazon.com.br/Smartphone-Xiaomi-Redmi-Vers%C3%A3o-Global/dp/B08CGXVPXW/ref=sr_1_44?__mk_pt_BR=%C3%85M%C3%85%C5%BD%C3%95%C3%91&dchild=1&keywords=smartphone&qid=1635431077&s=electronics&sr=1-44&ufe=app_do%3Aamzn1.fos.25548f35-0de7-44b3-b28e-0f56f3f96147;2021-10-28
"Smartphone Samsung Galaxy A12 Vermelho 64GB, Tela Infinita de 6.5"", Câmera Quádrupla, Bateria 5000mAh, 4GB RAM e Processador Octa-Core";R$ 1.099,90;4,7 de 5 estrelas;"Smartphone Samsung Galaxy A12 Vermelho 64GB, Tela Infinita de 6.5"", Câmera Quádrupla, Bateria 5000mAh, 4GB RAM e Processador Octa-Core";https://www.amazon.com.br/Smartphone-Vermelho-Qu%C3%A1drupla-Processador-Octa-Core/dp/B08XY9GGTF/ref=sr_1_45?__mk_pt_BR=%C3%85M%C3%85%C5%BD%C3%95%C3%91&dchild=1&keywords=smartphone&qid=1635431077&s=electronics&sr=1-45&ufe=app_do%3Aamzn1.fos.25548f35-0de7-44b3-b28e-0f56f3f96147;2021-10-28
Smartphone Xiaomi Redmi Note 10s 64gb/6gb Pebble White;R$ 1.579,90;4,4 de 5 estrelas;Smartphone Xiaomi Redmi Note 10s 64gb/6gb Pebble White;https://www.amazon.com.br/Smartphone-Xiaomi-Redmi-Pebble-White/dp/B097CM3MFR/ref=sr_1_46?__mk_pt_BR=%C3%85M%C3%85%C5%BD%C3%95%C3%91&dchild=1&keywords=smartphone&qid=1635431077&s=electronics&sr=1-46&ufe=app_do%3Aamzn1.fos.25548f35-0de7-44b3-b28e-0f56f3f96147;2021-10-28
"Smartphone LG K22+ , 3GB Memória, 64GB armazenamento, Dual Chip Android 10 Tela 6.2"" Quad Core 4G Câmera 13MP+2MP - Red";R$ 1.059,00;4,4 de 5 estrelas;"Smartphone LG K22+ , 3GB Memória, 64GB armazenamento, Dual Chip Android 10 Tela 6.2"" Quad Core 4G Câmera 13MP+2MP - Red";https://www.amazon.com.br/Smartphone-LG-Mem%C3%B3ria-armazenamento-Android/dp/B08DRMPWB5/ref=sr_1_47?__mk_pt_BR=%C3%85M%C3%85%C5%BD%C3%95%C3%91&dchild=1&keywords=smartphone&qid=1635431077&s=electronics&sr=1-47&ufe=app_do%3Aamzn1.fos.25548f35-0de7-44b3-b28e-0f56f3f96147;2021-10-28
"Smartphone Moto G9 Play Azul Safira, com Tela de 6,5, 4G, 64GB e Câmera de 48MP + 2MP + 2MP - XT2083-1""";R$ 1.148,00;4,6 de 5 estrelas;"Smartphone Moto G9 Play Azul Safira, com Tela de 6,5, 4G, 64GB e Câmera de 48MP + 2MP + 2MP - XT2083-1""";https://www.amazon.com.br/Smartphone-Moto-G9-Play-Safira/dp/B08NFKJ67B/ref=sr_1_48?__mk_pt_BR=%C3%85M%C3%85%C5%BD%C3%95%C3%91&dchild=1&keywords=smartphone&qid=1635431077&s=electronics&sr=1-48&ufe=app_do%3Aamzn1.fos.25548f35-0de7-44b3-b28e-0f56f3f96147;2021-10-28
Smartphone Nokia C2 16GB + 16GB Cartão de Memória 1GB RAM Tela de 5,7 Pol. HD+ Câmera Traseira 5MP + Flash Frontal Verde Ciano NK011;R$ 668,57;4,1 de 5 estrelas;Smartphone Nokia C2 16GB + 16GB Cartão de Memória 1GB RAM Tela de 5,7 Pol. HD+ Câmera Traseira 5MP + Flash Frontal Verde Ciano NK011;https://www.amazon.com.br/Smartphone-Nokia-Mem%C3%B3ria-Traseira-NK011/dp/B08MB58VBR/ref=sr_1_49?__mk_pt_BR=%C3%85M%C3%85%C5%BD%C3%95%C3%91&dchild=1&keywords=smartphone&qid=1635431077&s=electronics&sr=1-49&ufe=app_do%3Aamzn1.fos.25548f35-0de7-44b3-b28e-0f56f3f96147;2021-10-28
"Smartphone LG K62 Azul, com Tela de 6,59"", 4G, 64GB e Câmera Quádrupla de 48MP+5MP+2MP+2MP - LMK520BMW";R$ 1.099,00;4,7 de 5 estrelas;"Smartphone LG K62 Azul, com Tela de 6,59"", 4G, 64GB e Câmera Quádrupla de 48MP+5MP+2MP+2MP - LMK520BMW";https://www.amazon.com.br/Smartphone-LG-Azul-C%C3%A2mera-Qu%C3%A1drupla/dp/B08NFK3GDK/ref=sr_1_51?__mk_pt_BR=%C3%85M%C3%85%C5%BD%C3%95%C3%91&dchild=1&keywords=smartphone&qid=1635431077&s=electronics&sr=1-51&ufe=app_do%3Aamzn1.fos.25548f35-0de7-44b3-b28e-0f56f3f96147;2021-10-28
Xiaomi Poco M3 64GB 4GB Ram Versão Global Preto;R$ 1.286,01;4,7 de 5 estrelas;Xiaomi Poco M3 64GB 4GB Ram Versão Global Preto;https://www.amazon.com.br/Xiaomi-Poco-Vers%C3%A3o-Global-Preto/dp/B08N5DK9SZ/ref=sr_1_52?__mk_pt_BR=%C3%85M%C3%85%C5%BD%C3%95%C3%91&dchild=1&keywords=smartphone&qid=1635431077&s=electronics&sr=1-52&ufe=app_do%3Aamzn1.fos.25548f35-0de7-44b3-b28e-0f56f3f96147;2021-10-28
"Smartphone Positivo Twist 4 Fit S509N 32GB Dual Chip 5"" - Vermelho";R$ 429,00;3,6 de 5 estrelas;"Smartphone Positivo Twist 4 Fit S509N 32GB Dual Chip 5"" - Vermelho";https://www.amazon.com.br/Smartphone-Positivo-Twist-S509N-32GB/dp/B08Z2SJDTZ/ref=sr_1_53?__mk_pt_BR=%C3%85M%C3%85%C5%BD%C3%95%C3%91&dchild=1&keywords=smartphone&qid=1635431077&s=electronics&sr=1-53&ufe=app_do%3Aamzn1.fos.25548f35-0de7-44b3-b28e-0f56f3f96147;2021-10-28
Smartphone Redmi Note 8 4GB RAM 128GB Preto;R$ 1.779,99;4,7 de 5 estrelas;Smartphone Redmi Note 8 4GB RAM 128GB Preto;https://www.amazon.com.br/Smartphone-Redmi-Note-128GB-Preto/dp/B07Z5YF87N/ref=sr_1_54?__mk_pt_BR=%C3%85M%C3%85%C5%BD%C3%95%C3%91&dchild=1&keywords=smartphone&qid=1635431077&s=electronics&sr=1-54&ufe=app_do%3Aamzn1.fos.25548f35-0de7-44b3-b28e-0f56f3f96147;2021-10-28
Capa destacável para teclado BT retroiluminado + ranhura para caneta do mouse Dissipação de calor compatível com iPad 10.2 (2019/2020) / Air 10.5 / Pro 10.5, verde claro;R$ 486,63;0;0;https://www.amazon.com.br/gp/slredirect/picassoRedirect.html/ref=pa_sp_btf_electronics_sr_pg2_1?ie=UTF8&adId=A02752643RV2YACQFUSSJ&url=%2Fdestac%25C3%25A1vel-teclado-retroiluminado-Dissipa%25C3%25A7%25C3%25A3o-compat%25C3%25ADvel%2Fdp%2FB09JKD8ZDZ%2Fref%3Dsr_1_55_sspa%3F__mk_pt_BR%3D%25C3%2585M%25C3%2585%25C5%25BD%25C3%2595%25C3%2591%26dchild%3D1%26keywords%3Dsmartphone%26qid%3D1635431077%26s%3Delectronics%26sr%3D1-55-spons%26ufe%3Dapp_do%253Aamzn1.fos.25548f35-0de7-44b3-b28e-0f56f3f96147%26psc%3D1&qualifier=1635431077&id=1098564689792585&widgetName=sp_btf;2021-10-28
Microfone de lapela sem fio M21 Plug & Play Type-C Mini microfone com clipe de lapela para computador de teclado de telefone com cancelamento de ruído para videogame, streaming;R$ 140,78;0;0;https://www.amazon.com.br/gp/slredirect/picassoRedirect.html/ref=pa_sp_btf_electronics_sr_pg2_1?ie=UTF8&adId=A04063022ZIV04EA1GJC&url=%2FMicrofone-microfone-computador-cancelamento-videogame%2Fdp%2FB09JJWNHMC%2Fref%3Dsr_1_56_sspa%3F__mk_pt_BR%3D%25C3%2585M%25C3%2585%25C5%25BD%25C3%2595%25C3%2591%26dchild%3D1%26keywords%3Dsmartphone%26qid%3D1635431077%26s%3Delectronics%26sr%3D1-56-spons%26ufe%3Dapp_do%253Aamzn1.fos.6a09f7ec-d911-4889-ad70-de8dd83c8a74%26psc%3D1&qualifier=1635431077&id=1098564689792585&widgetName=sp_btf;2021-10-28
CP001 USB com fio CarPlay Dongle Android Auto Car Navigation Mini Box Mirrorlink para Android iOS Smartphone;R$ 376,31;0;0;https://www.amazon.com.br/gp/slredirect/picassoRedirect.html/ref=pa_sp_btf_electronics_sr_pg2_1?ie=UTF8&adId=A03681501DILFUE2RKJEY&url=%2FCarPlay-Android-Navigation-Mirrorlink-Smartphone%2Fdp%2FB09JJZJWKN%2Fref%3Dsr_1_57_sspa%3F__mk_pt_BR%3D%25C3%2585M%25C3%2585%25C5%25BD%25C3%2595%25C3%2591%26dchild%3D1%26keywords%3Dsmartphone%26qid%3D1635431077%26s%3Delectronics%26sr%3D1-57-spons%26ufe%3Dapp_do%253Aamzn1.fos.25548f35-0de7-44b3-b28e-0f56f3f96147%26psc%3D1&qualifier=1635431077&id=1098564689792585&widgetName=sp_btf;2021-10-28
