descricao;Total_Reviews;preco;url;loja
Smartphone Moto G20 64GB 4G Wi-Fi Tela 6.5'' Dual Chip 4GB RAM Câmera Quádrupla + Selfie 13MP - Azul;0;1049.0;https://www.americanas.com.br/produto/3171318769?pfm_carac=smartphone&pfm_page=search&pfm_pos=grid&pfm_type=search_page&offerId=608bf37052131c3c8179ed04&buyboxToken=smartbuybox-acom-v2-e4c22e09-0167-430c-88b7-bd7f96b64db3-2021-10-14 11:30:45-0300;Americanas
Smartphone Motorola Moto G10 64GB 4G Wi-Fi Tela 6.5'' Dual Chip 4GB RAM Câmera Quádrupla + Selfie 8MP - Cinza Aurora;0;998.99;https://www.americanas.com.br/produto/2917268703?pfm_carac=smartphone&pfm_page=search&pfm_pos=grid&pfm_type=search_page&offerId=605c04fb0c070442667a4baa&buyboxToken=smartbuybox-acom-v2-4df03667-f3e1-4961-a5b7-801c525924c0-2021-10-14 11:27:30-0300;Americanas
Smartphone Motorola Moto G10 64GB 4G Wi-Fi Tela 6.5'' Dual Chip 4GB RAM Câmera Quádrupla + Selfie 8MP - Branco Floral;275;998.99;https://www.americanas.com.br/produto/2917269183?pfm_carac=smartphone&pfm_page=search&pfm_pos=grid&pfm_type=search_page&offerId=605c04fd0c070442667a520a&buyboxToken=smartbuybox-acom-v2-3c2556fa-d877-4a3d-8f10-dba7242bbc2d-2021-10-14 11:31:39-0300;Americanas
Smartphone Motorola Moto G30 128GB 4G Wi-Fi Tela 6.5'' Dual Chip 4GB RAM Câmera Quádrupla + Selfie 13MP - Dark Prism;0;1401.75;https://www.americanas.com.br/produto/2917265060?pfm_carac=smartphone&pfm_page=search&pfm_pos=grid&pfm_type=search_page&offerId=613fdc4909c351890d284326&buyboxToken=smartbuybox-acom-v2-b3a0da92-68cb-4e52-9c51-a3dbda0b7591-2021-10-14 11:31:39-0300;Americanas
Smartphone Motorola Moto E7 Power 32GB 4G Wi-Fi Tela 6.5'' Dual Chip 2GB RAM Câmera Dupla + Selfie 5MP - Azul Metálico;120;699.0;https://www.americanas.com.br/produto/2910438790?pfm_carac=smartphone&pfm_page=search&pfm_pos=grid&pfm_type=search_page&offerId=603903320c070442664cfd58&buyboxToken=smartbuybox-acom-v2-e4720a5d-5f69-46f7-99bc-e42071a869b1-2021-10-14 11:25:32-0300;Americanas
Smartphone Samsung Galaxy A02s 32GB 4G Wi-Fi Tela 6.5'' Dual Chip 3GB RAM Câmera Tripla + Selfie 5MP - Azul;0;764.1;https://www.americanas.com.br/produto/2655735104?pfm_carac=smartphone&pfm_page=search&pfm_pos=grid&pfm_type=search_page&offerId=60194e630c07044266a20338&buyboxToken=smartbuybox-acom-v2-fed20af1-1559-4ac4-809f-1738572941f1-2021-10-14 11:25:32-0300;Americanas
Smartphone Samsung Galaxy A32 128GB 4G Wi-Fi Tela 6.4'' Dual Chip 4GB RAM Câmera Quádrupla + Selfie 20MP - Violeta;309;1130.99;https://www.americanas.com.br/produto/2969968331?pfm_carac=smartphone&pfm_page=search&pfm_pos=grid&pfm_type=search_page&offerId=6167694809c351890d266669&buyboxToken=smartbuybox-acom-v2-4f7f95ab-5308-46bd-a039-f0c7bd3770f6-2021-10-14 11:22:33-0300;Americanas
Smartphone Samsung Galaxy A32 128GB 4G Wi-Fi Tela 6.4'' Dual Chip 4GB RAM Câmera Quádrupla + Selfie 20MP - Branco;0;1329.1;https://www.americanas.com.br/produto/2969966837?pfm_carac=smartphone&pfm_page=search&pfm_pos=grid&pfm_type=search_page&offerId=606c9b320c07044266417908&buyboxToken=smartbuybox-acom-v2-0c79e3bc-8004-4d0d-9f51-06441b704e33-2021-10-14 11:24:40-0300;Americanas
Smartphone Samsung Galaxy A32 128GB 4G Wi-Fi Tela 6.4'' Dual Chip 4GB RAM Câmera Quádrupla + Selfie 20MP - Preto;271;1378.6;https://www.americanas.com.br/produto/2969966917?pfm_carac=smartphone&pfm_page=search&pfm_pos=grid&pfm_type=search_page&offerId=606c9b330c07044266417bdb&buyboxToken=smartbuybox-acom-v2-cc9d8bc7-eed4-4755-b5be-cab8500fbbe2-2021-10-14 11:31:39-0300;Americanas
Smartphone Samsung Galaxy A32 128GB 4G Wi-Fi Tela 6.4'' Dual Chip 4GB RAM Câmera Quádrupla + Selfie 20MP - Azul;0;1329.1;https://www.americanas.com.br/produto/2969966651?pfm_carac=smartphone&pfm_page=search&pfm_pos=grid&pfm_type=search_page&offerId=606c9b330c07044266417b03&buyboxToken=smartbuybox-acom-v2-a6aee7fc-a30d-4ec1-8273-1f01f72ae26d-2021-10-14 11:22:33-0300;Americanas
Smartphone Samsung Galaxy A12 64GB 4G Wi-Fi Tela 6.5'' Dual Chip 4GB RAM Câmera Quádrupla + Selfie 8MP - Preto;300;1025.05;https://www.americanas.com.br/produto/2655733694?pfm_carac=smartphone&pfm_page=search&pfm_pos=grid&pfm_type=search_page&offerId=60253afa0c07044266797b6f&buyboxToken=smartbuybox-acom-v2-d93cd701-ae4b-453f-8cd5-ead635a260a9-2021-10-14 11:22:33-0300;Americanas
Smartphone Samsung Galaxy A12 64GB 4G Wi-Fi Tela 6.5'' Dual Chip 4GB RAM Câmera Quádrupla + Selfie 8MP - Branco;185;924.1;https://www.americanas.com.br/produto/2655734451?pfm_carac=smartphone&pfm_page=search&pfm_pos=grid&pfm_type=search_page&offerId=6006c8f10c07044266e90bbd&buyboxToken=smartbuybox-acom-v2-5744753c-6aaa-40a0-a2d2-414d441ee964-2021-10-14 11:22:33-0300;Americanas
Smartphone Moto G20 64GB 4G Wi-Fi Tela 6.5'' Dual Chip 4GB RAM Câmera Quádrupla + Selfie 13MP - Pink;0;1049.0;https://www.americanas.com.br/produto/3171317846?pfm_carac=smartphone&pfm_page=search&pfm_pos=grid&pfm_type=search_page&offerId=608bf37152131c3c8179ee52&buyboxToken=smartbuybox-acom-v2-cbbd07cc-f0e1-424c-b324-effb8fb5f9d7-2021-10-14 11:23:11-0300;Americanas
Smartphone Motorola Moto G30 128GB 4G Wi-Fi Tela 6.5'' Dual Chip 4GB RAM Câmera Quádrupla + Selfie 13MP - White Lilac;0;1574.3;https://www.americanas.com.br/produto/2917269458?pfm_carac=smartphone&pfm_page=search&pfm_pos=grid&pfm_type=search_page&offerId=6155045309c351890d12df7c&buyboxToken=smartbuybox-acom-v2-ac4552d3-3fd3-489a-8424-64ea518bf4ae-2021-10-14 11:23:11-0300;Americanas
Smartphone Samsung Galaxy M12 64GB 4G Wi-Fi Tela 6.5'' Dual Chip 4GB RAM Câmera Quádrupla + Selfie 8MP - Preto;118;920.54;https://www.americanas.com.br/produto/3163815714?pfm_carac=smartphone&pfm_page=search&pfm_pos=grid&pfm_type=search_page&offerId=60b7508e52131c3c8127c67e&buyboxToken=smartbuybox-acom-v2-dc61c0c2-5c03-4317-82d3-fffb2330098f-2021-10-14 11:23:11-0300;Americanas
Smartphone Samsung Galaxy S20 Fe 128GB 4G Wi-Fi Tela 6.5'' Dual Chip 6GB RAM Câmera Tripla + Selfie 32MP - Cloud Navy;417;2229.0;https://www.americanas.com.br/produto/3234381133?pfm_carac=smartphone&pfm_page=search&pfm_pos=grid&pfm_type=search_page&offerId=60a25e7852131c3c8106f73e&buyboxToken=smartbuybox-acom-v2-313e320e-b1f0-4516-b5a6-b9a760d95c64-2021-10-14 11:30:46-0300;Americanas
Smartphone Samsung Galaxy A02 32GB 4G Wi-Fi Tela 6.5'' Dual Chip 2GB RAM Câmera Dupla + Selfie 5MP - Vermelho;232;629.1;https://www.americanas.com.br/produto/2891924708?pfm_carac=smartphone&pfm_page=search&pfm_pos=grid&pfm_type=search_page&offerId=604fb6170c07044266b85034&buyboxToken=smartbuybox-acom-v2-e0e7c4da-01d2-4958-ba73-8f9e6ab66121-2021-10-14 11:24:40-0300;Americanas
Smartphone Samsung Galaxy A02 32GB 4G Wi-Fi Tela 6.5'' Dual Chip 2GB RAM Câmera Dupla + Selfie 5MP - Preto;0;629.1;https://www.americanas.com.br/produto/2891924281?pfm_carac=smartphone&pfm_page=search&pfm_pos=grid&pfm_type=search_page&offerId=6040d97c0c07044266f9300f&buyboxToken=smartbuybox-acom-v2-5e943ed5-2066-4d8e-aafe-93b2e2d2c889-2021-10-14 11:28:42-0300;Americanas
Smartphone Samsung Galaxy A01 Core 32GB 4G Wi-Fi Tela 5.3'' Dual Chip 2GB RAM Câmera 8MP + Selfie 5MP - Preto;589;795.9;https://www.americanas.com.br/produto/1834712063?pfm_carac=smartphone&pfm_page=search&pfm_pos=grid&pfm_type=search_page&offerId=5f99ab301b186381b5d79a54&buyboxToken=smartbuybox-acom-v2-dec579d1-a788-4d43-80eb-ef442dd3d717-2021-10-14 11:22:33-0300;Americanas
Smartphone Motorola Moto E6i 32GB 4G Wi-Fi Tela 6.1'' Dual Chip 2GB RAM Câmera Dupla + Selfie 5MP - Pink;58;751.06;https://www.americanas.com.br/produto/2910438423?pfm_carac=smartphone&pfm_page=search&pfm_pos=grid&pfm_type=search_page&offerId=6109cd4652131c3c8180e8c7&buyboxToken=smartbuybox-acom-v2-15328665-0a7c-4013-9a36-99a952522ec6-2021-10-14 11:28:28-0300;Americanas
Smartphone Samsung Galaxy M62 128GB 8GB RAM Bateria de 7.000mAh Tela 6.7'' 4G Câmera Quádrupla + Selfie 32MP - Preto;0;1999.0;https://www.americanas.com.br/produto/3511305551?pfm_carac=smartphone&pfm_page=search&pfm_pos=grid&pfm_type=search_page&offerId=6107bc7852131c3c816b962e&buyboxToken=smartbuybox-acom-v2-961abca0-1a73-487c-86c1-9436a9e94341-2021-10-14 11:30:45-0300;Americanas
Smartphone Samsung Galaxy A02s 32GB 4G Wi-Fi Tela 6.5'' Dual Chip 3GB RAM Câmera Tripla + Selfie 5MP - Vermelho;204;764.1;https://www.americanas.com.br/produto/2655734742?pfm_carac=smartphone&pfm_page=search&pfm_pos=grid&pfm_type=search_page&offerId=60194e9a0c07044266a2b351&buyboxToken=smartbuybox-acom-v2-02ff022a-ae6f-4a4a-86a7-8070f2296b60-2021-10-14 11:24:40-0300;Americanas
Smartphone Samsung Galaxy S20 Fe 128GB 4G Wi-Fi Tela 6.5'' Dual Chip 6GB RAM Câmera Tripla + Selfie 32MP - Cloud White;0;2079.0;https://www.americanas.com.br/produto/3234383930?pfm_carac=smartphone&pfm_page=search&pfm_pos=grid&pfm_type=search_page&offerId=60a25e7752131c3c8106f4d9&buyboxToken=smartbuybox-acom-v2-e17d090e-5433-4e31-9821-9963c12d6715-2021-10-14 11:28:28-0300;Americanas
Smartphone Motorola Moto E7 Power 32GB 4G Wi-Fi Tela 6.5'' Dual Chip 2GB RAM Câmera Dupla + Selfie 5MP - Vermelho Coral;46;699.0;https://www.americanas.com.br/produto/2917268922?pfm_carac=smartphone&pfm_page=search&pfm_pos=grid&pfm_type=search_page&offerId=6039032e0c070442664cef58&buyboxToken=smartbuybox-acom-v2-acd9b0d8-83d2-4257-ba00-6794540bd6fe-2021-10-14 11:31:39-0300;Americanas
Smartphone Samsung Galaxy A22 128GB 4G Wi-Fi Tela 6.4'' Dual Chip 4GB RAM Câmera Quádrupla + Selfie 13MP - Branco;61;1246.4;https://www.americanas.com.br/produto/3518167649?pfm_carac=smartphone&pfm_page=search&pfm_pos=grid&pfm_type=search_page&offerId=6155b2b109c351890d2661da&buyboxToken=smartbuybox-acom-v2-f5eed665-6622-4485-876c-d36fbaf9c324-2021-10-14 11:30:45-0300;Americanas
Smartphone Samsung Galaxy M62 128GB 8GB RAM Bateria de 7.000mAh Tela 6.7'' 4G Câmera Quádrupla + Selfie 32MP - Azul;0;1779.0;https://www.americanas.com.br/produto/3485484971?pfm_carac=smartphone&pfm_page=search&pfm_pos=grid&pfm_type=search_page&offerId=61682d5a09c351890d814ac3&buyboxToken=smartbuybox-acom-v2-c7e627ae-2588-4fab-a10c-b18887346794-2021-10-14 11:30:45-0300;Americanas
Smartphone LG K22 32GB 4G Wi-Fi Tela 6.2'' Dual Chip 2GB RAM Câmera Dupla + Selfie 5MP - Vermelho;78;664.05;https://www.americanas.com.br/produto/1965289015?pfm_carac=smartphone&pfm_page=search&pfm_pos=grid&pfm_type=search_page&offerId=5fbc234a762ff367198807a9&buyboxToken=smartbuybox-acom-v2-9ef0fb80-c530-4ae5-94b3-af088b978bdb-2021-10-14 11:31:39-0300;Americanas
Smartphone Motorola Moto E7 Dual Chip Android 10 Tela 6.5” 64GB Câmera 48MP + 2MP Frontal 5MP – Cinza Metálico;52;854.67;https://www.americanas.com.br/produto/2945004078?pfm_carac=smartphone&pfm_page=search&pfm_pos=grid&pfm_type=search_page&offerId=606377b60c07044266e1d975&buyboxToken=smartbuybox-acom-v2-9d60ec24-38d5-4011-b562-e0e5d820b41b-2021-10-14 11:31:39-0300;Americanas
Smartphone Samsung Galaxy A12 64GB 4G Wi-Fi Tela 6.5'' Dual Chip 4GB RAM Câmera Quádrupla + Selfie 8MP - Azul;162;955.57;https://www.americanas.com.br/produto/2655733117?pfm_carac=smartphone&pfm_page=search&pfm_pos=grid&pfm_type=search_page&offerId=6006c76b0c07044266e64b36&buyboxToken=smartbuybox-acom-v2-5f4bd23e-4ad9-4fb4-aa02-c310f7070dd4-2021-10-14 11:30:45-0300;Americanas
"Smartphone Motorola Moto E7 64GB Dual Chip Android 10 Tela 6.5"" Helio G25 Helio G25 (2,0 GHz Octa-Core) Câmera 48MP+2MP -  Cobre";48;854.67;https://www.americanas.com.br/produto/2910438925?pfm_carac=smartphone&pfm_page=search&pfm_pos=grid&pfm_type=search_page&offerId=6063778f0c07044266e0f1bc&buyboxToken=smartbuybox-acom-v2-d1bfad9a-b2f0-4711-a6ad-0b8c27a395cf-2021-10-14 11:30:45-0300;Americanas
Smartphone Samsung Galaxy M12 64GB 4G Wi-Fi Tela 6.5'' Dual Chip 4GB RAM Câmera Quádrupla + Selfie 8MP - Azul;72;939.89;https://www.americanas.com.br/produto/3163815845?pfm_carac=smartphone&pfm_page=search&pfm_pos=grid&pfm_type=search_page&offerId=60b7508e52131c3c8127c691&buyboxToken=smartbuybox-acom-v2-c470a8fd-e3c9-4ea5-9912-0c32f6890319-2021-10-14 11:31:39-0300;Americanas
Smartphone Motorola Moto G9 Plus 128GB 4G Wi-Fi Tela 6.8'' Dual Chip 4GB RAM Câmera Quádrupla + Selfie 16MP - Azul Índigo;349;1509.1;https://www.americanas.com.br/produto/1972840661?pfm_carac=smartphone&pfm_page=search&pfm_pos=grid&pfm_type=search_page&offerId=5f5a1022cc79e88b862f4c56&buyboxToken=smartbuybox-acom-v2-a8cb7a30-30c1-4e3d-9961-2a0ddf637e79-2021-10-14 11:30:45-0300;Americanas
Smartphone Samsung Galaxy A02 32GB 4G Wi-Fi Tela 6.5'' Dual Chip 2GB RAM Câmera Dupla + Selfie 5MP - Azul;288;629.1;https://www.americanas.com.br/produto/2891924134?pfm_carac=smartphone&pfm_page=search&pfm_pos=grid&pfm_type=search_page&offerId=604fb5ae0c07044266b7c49e&buyboxToken=smartbuybox-acom-v2-5c9c3af7-2c9d-450b-8e27-8aa61486fc2e-2021-10-14 11:30:45-0300;Americanas
Smartphone Samsung Galaxy S20 Fe 128GB 4G Wi-Fi Tela 6.5'' Dual Chip 6GB RAM Câmera Tripla + Selfie 32MP - Cloud Mint;0;2090.48;https://www.americanas.com.br/produto/3234383059?pfm_carac=smartphone&pfm_page=search&pfm_pos=grid&pfm_type=search_page&offerId=60a25e7852131c3c8106f829&buyboxToken=smartbuybox-acom-v2-14ec6239-9059-4c9e-8a40-4122e2b82520-2021-10-14 11:30:45-0300;Americanas
Smartphone Samsung Galaxy A12 64GB 4G Wi-Fi Tela 6.5'' Dual Chip 4GB RAM Câmera Quádrupla + Selfie 8MP - Vermelho;110;1025.05;https://www.americanas.com.br/produto/2655733635?pfm_carac=smartphone&pfm_page=search&pfm_pos=grid&pfm_type=search_page&offerId=610da2f452131c3c8196331d&buyboxToken=smartbuybox-acom-v2-d310bd66-08f6-4e03-81e5-93c43b2f8559-2021-10-14 11:31:39-0300;Americanas
Smartphone Samsung Galaxy A02s 32GB 4G Wi-Fi Tela 6.5'' Dual Chip 3GB RAM Câmera Tripla + Selfie 5MP - Preto;203;806.55;https://www.americanas.com.br/produto/2655733184?pfm_carac=smartphone&pfm_page=search&pfm_pos=grid&pfm_type=search_page&offerId=6035155a0c07044266e1d647&buyboxToken=smartbuybox-acom-v2-3456e495-8b3f-4e07-9448-a312848507f1-2021-10-14 11:30:45-0300;Americanas
Smartphone Motorola Moto G20 128GB 4G Wi-Fi Tela 6,5'' Dual Chip 4GB RAM Câmera Quadrupla + Selfie 13MP - Verde;8;1349.1;https://www.americanas.com.br/produto/3805073830?pfm_carac=smartphone&pfm_page=search&pfm_pos=grid&pfm_type=search_page&offerId=613f667809c351890de966b1&buyboxToken=smartbuybox-acom-v2-629a7eed-8e8a-4a34-9e33-b44a2210be58-2021-10-14 11:30:45-0300;Americanas
Smartphone Motorola Moto G100 256GB 5G Wi-Fi Tela 6.7'' Dual Chip 12GB RAM Câmera Tripla + Selfie 16MP + 8MP - Luminous Ocean;103;3599.1;https://www.americanas.com.br/produto/2917267090?pfm_carac=smartphone&pfm_page=search&pfm_pos=grid&pfm_type=search_page&offerId=605ceb3f0c0704426676a610&buyboxToken=smartbuybox-acom-v2-0333d426-d97d-4b6f-972c-b1b439d1d266-2021-10-14 11:31:39-0300;Americanas
Smartphone Motorola Moto  E7 32GB 4G Wi-Fi Tela 6.5'' Dual Chip 2GB RAM Câmera Dupla + Selfie 5MP - Aquamarine;15;740.05;https://www.americanas.com.br/produto/2626418177?pfm_carac=smartphone&pfm_page=search&pfm_pos=grid&pfm_type=search_page&offerId=60f1fab652131c3c81b91e93&buyboxToken=smartbuybox-acom-v2-4f21ba2b-f2b6-438c-985d-0b37aa0eb2ab-2021-10-14 11:31:39-0300;Americanas
Smartphone Moto G60 128GB 4G Wi-Fi Tela 6.8'' Dual Chip 6GB RAM Câmera Tripla + Selfie 32MP - Champagne;0;2251.82;https://www.americanas.com.br/produto/3171319315?pfm_carac=smartphone&pfm_page=search&pfm_pos=grid&pfm_type=search_page&offerId=60f9850652131c3c81677d15&buyboxToken=smartbuybox-acom-v2-977ca38a-dc6c-4cae-9d8e-2a9a39122ea6-2021-10-14 11:31:39-0300;Americanas
Smartphone Samsung Galaxy M32 128GB 4G Wi-Fi Tela 6,4'' Dual Chip 6GB RAM Câmera Quadrupla + Selfie 20MP - Azul;0;1378.6;https://www.americanas.com.br/produto/3501167482?pfm_carac=smartphone&pfm_page=search&pfm_pos=grid&pfm_type=search_page&offerId=6107bc8652131c3c816bb13b&buyboxToken=smartbuybox-acom-v2-3d2ce873-f5ab-454b-aa4e-412c71812c4a-2021-10-14 11:31:14-0300;Americanas
Smartphone Motorola Moto E7 Plus 64GB 4G Wi-Fi Tela 6.5'' Dual Chip 4GB RAM Câmera Dupla + Selfie 8MP - Azul Navy;0;1044.05;https://www.americanas.com.br/produto/1966162104?pfm_carac=smartphone&pfm_page=search&pfm_pos=grid&pfm_type=search_page&offerId=5faab233c5c9bbe5fcc89397&buyboxToken=smartbuybox-acom-v2-cfb305bf-dc63-49d1-b557-a734f27ad664-2021-10-14 11:22:56-0300;Americanas
Smartphone Samsung Galaxy A22 128GB 4G Wi-Fi Tela 6.4'' Dual Chip 4GB RAM Câmera Quádrupla + Selfie 13MP - Violeta;59;1299.0;https://www.americanas.com.br/produto/3518175041?pfm_carac=smartphone&pfm_page=search&pfm_pos=grid&pfm_type=search_page&offerId=61682d3a09c351890d80ea33&buyboxToken=smartbuybox-acom-v2-1f807dd3-9461-468b-ab81-6ecee76a993b-2021-10-14 11:30:45-0300;Americanas
Smartphone Samsung Galaxy M32 128GB 4G Wi-Fi Tela 6,4'' Dual Chip 6GB RAM Câmera Quadrupla + Selfie 20MP - Preto;0;1665.13;https://www.americanas.com.br/produto/3501167474?pfm_carac=smartphone&pfm_page=search&pfm_pos=grid&pfm_type=search_page&offerId=615ccf0b09c351890d23a4c0&buyboxToken=smartbuybox-acom-v2-ca75b5e2-273c-4119-94f3-dd29d774f505-2021-10-14 11:31:39-0300;Americanas
Smartphone Samsung Galaxy A72 128GB 4G Wi-Fi Tela 6.7'' Dual Chip 6GB RAM Câmera Quádrupla + Selfie 32MP - Branco;172;2443.0;https://www.americanas.com.br/produto/2937116766?pfm_carac=smartphone&pfm_page=search&pfm_pos=grid&pfm_type=search_page&offerId=606c9b8c0c0704426641fbcf&buyboxToken=smartbuybox-acom-v2-8c48174c-4271-4a0e-b61c-249bc1dcb502-2021-10-14 11:30:45-0300;Americanas
Smartphone Samsung Galaxy M12 64GB 4G Wi-Fi Tela 6.5'' Dual Chip 4GB RAM Câmera Quádrupla + Selfie 8MP - Verde;52;939.97;https://www.americanas.com.br/produto/3163813452?pfm_carac=smartphone&pfm_page=search&pfm_pos=grid&pfm_type=search_page&offerId=60b7508e52131c3c8127c763&buyboxToken=smartbuybox-acom-v2-f07a8b12-9495-4a8f-ab04-fa7299065f12-2021-10-14 11:30:45-0300;Americanas
Smartphone Samsung Galaxy A72 128GB 4G Wi-Fi Tela 6.7'' Dual Chip 6GB RAM Câmera Quádrupla + Selfie 32MP - Preto;299;2245.5;https://www.americanas.com.br/produto/2937116379?pfm_carac=smartphone&pfm_page=search&pfm_pos=grid&pfm_type=search_page&offerId=60fb0c3152131c3c814c9362&buyboxToken=smartbuybox-acom-v2-828f2888-069d-4bea-aba5-e62870d8cfb7-2021-10-14 11:31:39-0300;Americanas
Smartphone Motorola Moto G9 Play 64GB 4G Wi-Fi Tela 6.5'' Dual Chip 4GB RAM Câmera Tripla + Selfie 8MP - Verde Turquesa;0;1199.0;https://www.americanas.com.br/produto/1972840872?pfm_carac=smartphone&pfm_page=search&pfm_pos=grid&pfm_type=search_page&offerId=5f5a08a4cc79e88b8626d73e&buyboxToken=smartbuybox-acom-v2-5736efd2-b2c0-4d97-a248-cdad3f18b5d7-2021-10-14 11:24:03-0300;Americanas
Smartphone Samsung Galaxy A22 128GB 4G Wi-Fi Tela 6.4'' Dual Chip 4GB RAM Câmera Quádrupla + Selfie 13MP - Preto;0;1246.4;https://www.americanas.com.br/produto/3518165176?pfm_carac=smartphone&pfm_page=search&pfm_pos=grid&pfm_type=search_page&offerId=612e659309c351890d348924&buyboxToken=smartbuybox-acom-v2-b8236592-a164-4dc1-8490-1467b2a5f371-2021-10-14 11:31:14-0300;Americanas
Smartphone Samsung Galaxy A01 Core 32GB 4G Wi-Fi Tela 5.3'' Dual Chip 2GB RAM Câmera 8MP + Selfie 5MP - Vermelho;310;616.55;https://www.americanas.com.br/produto/1834711968?pfm_carac=smartphone&pfm_page=search&pfm_pos=grid&pfm_type=search_page&offerId=5f63a6c61b186381b5b355f8&buyboxToken=smartbuybox-acom-v2-897d9a91-e722-4308-b875-0ccc7e3f027c-2021-10-14 11:31:14-0300;Americanas
Smartphone Samsung Galaxy A22 128GB 4G Wi-Fi Tela 6.4'' Dual Chip 4GB RAM Câmera Quádrupla + Selfie 13MP - Verde;34;1281.07;https://www.americanas.com.br/produto/3506791591?pfm_carac=smartphone&pfm_page=search&pfm_pos=grid&pfm_type=search_page&offerId=60feadcf52131c3c81f9bbab&buyboxToken=smartbuybox-acom-v2-22e674ea-47bc-48b6-a8e8-2ed94b749d4e-2021-10-14 11:32:40-0300;Americanas
Smartphone LG K22 32GB 4G Wi-Fi Tela 6.2'' Dual Chip 2GB RAM Câmera Dupla + Selfie 5MP - Titânio;150;664.05;https://www.americanas.com.br/produto/1965289525?pfm_carac=smartphone&pfm_page=search&pfm_pos=grid&pfm_type=search_page&offerId=5fbc234a762ff367198807ed&buyboxToken=smartbuybox-acom-v2-e29cff73-1457-484f-97cd-e4c2059e716c-2021-10-14 11:32:40-0300;Americanas
Smartphone Motorola Moto E7 32GB 4G Wi-Fi Tela 6.5'' Dual Chip 2GB RAM Câmera Dupla + Selfie 5MP - Cinza Metálico;0;740.05;https://www.americanas.com.br/produto/2626417844?pfm_carac=smartphone&pfm_page=search&pfm_pos=grid&pfm_type=search_page&offerId=60d5e8c252131c3c815ef17c&buyboxToken=smartbuybox-acom-v2-9b202d27-6b6f-4a44-aed7-563f428ea217-2021-10-14 11:26:11-0300;Americanas
Smartphone Samsung Galaxy Note 20 Ultra 256GB 5G Wi-Fi Tela 6.9'' Dual Chip 12MP RAM Câmera Tripla + Selfie 10MP - Mystic Black;81;4878.7;https://www.americanas.com.br/produto/1962216929?pfm_carac=smartphone&pfm_page=search&pfm_pos=grid&pfm_type=search_page&offerId=5f505cefcc79e88b8690343a&buyboxToken=smartbuybox-acom-v2-8936174d-e517-4b78-b412-46d2b29ca8d3-2021-10-14 11:32:40-0300;Americanas
Smartphone Samsung Galaxy M32 128GB 4G Wi-Fi Tela 6,4'' Dual Chip 6GB RAM Camera Quadrupla + Selfie 20MP - Branco;11;1394.96;https://www.americanas.com.br/produto/3519863582?pfm_carac=smartphone&pfm_page=search&pfm_pos=grid&pfm_type=search_page&offerId=6107bc8752131c3c816bb4e7&buyboxToken=smartbuybox-acom-v2-03461ebd-3a94-48c8-9748-d770adc3120b-2021-10-14 11:32:40-0300;Americanas
Smartphone asus Zenfone Max Pro M2, 6GB ram, 64GB, Titanium tela 6.26, 12MP + 5MP;9;872.19;https://www.americanas.com.br/produto/3866300995?pfm_carac=smartphone&pfm_page=search&pfm_pos=grid&pfm_type=search_page&offerId=6139f8df09c351890de895e6&buyboxToken=smartbuybox-acom-v2-644fecb2-afac-4875-a75a-ce1105fac34c-2021-10-14 11:32:40-0300;Americanas
Smartphone Samsung Galaxy A01 Core 32GB 4G Wi-Fi Tela 5.3'' Dual Chip 2GB RAM Câmera 8MP + Selfie 5MP - Azul;326;616.55;https://www.americanas.com.br/produto/1834712389?pfm_carac=smartphone&pfm_page=search&pfm_pos=grid&pfm_type=search_page&offerId=5f63a6bb1b186381b5b31a52&buyboxToken=smartbuybox-acom-v2-c3a3676a-ec69-4fce-9e2f-fbed58560752-2021-10-14 11:32:40-0300;Americanas
Smartphone Motorola Moto G9 Play 64GB 4G Wi-Fi Tela 6.5'' Dual Chip 4GB RAM Câmera Tripla + Selfie 8MP - Azul Safira;551;1096.25;https://www.americanas.com.br/produto/1962217067?pfm_carac=smartphone&pfm_page=search&pfm_pos=grid&pfm_type=search_page&offerId=5f9306271b186381b508d842&buyboxToken=smartbuybox-acom-v2-90a95f8b-7c3e-488f-880a-dbc5993aa13c-2021-10-14 11:32:40-0300;Americanas
Smartphone Moto G60 128GB 4G Wi-Fi Tela 6.8'' Dual Chip 6GB RAM Câmera Tripla + Selfie 32MP - Azul;115;2184.05;https://www.americanas.com.br/produto/3177003864?pfm_carac=smartphone&pfm_page=search&pfm_pos=grid&pfm_type=search_page&offerId=60da3d7b52131c3c81c309f3&buyboxToken=smartbuybox-acom-v2-9aacf080-5d9d-4de9-955b-0fb830e9a35c-2021-10-14 11:32:40-0300;Americanas
Smartphone Samsung Galaxy A12 64GB 4G Wi-Fi Tela 6.5'' Dual Chip 4GB RAM Câmera Quádrupla + Selfie 8MP - Vermelho;2;924.1;https://www.americanas.com.br/produto/3586823396?pfm_carac=smartphone&pfm_page=search&pfm_pos=grid&pfm_type=search_page&offerId=611fce9a09c351890d547d49;Americanas
Smartphone Samsung Galaxy S20 Fe 256GB 4G Wi-Fi Tela 6.5'' Dual Chip 8GB RAM Câmera Tripla + Selfie 32MP - Cloud White;49;2679.1;https://www.americanas.com.br/produto/3234386751?pfm_carac=smartphone&pfm_page=search&pfm_pos=grid&pfm_type=search_page&offerId=60a25e7952131c3c8106f8ec&buyboxToken=smartbuybox-acom-v2-5cf8cfa7-6d19-437e-a300-c5e60cb93610-2021-10-14 11:29:44-0300;Americanas
Smartphone Samsung Galaxy A52 128GB 4G Wi-Fi Tela 6.5'' Dual Chip 6GB RAM Câmera Quádrupla + Selfie 32MP - Violeta;0;1932.07;https://www.americanas.com.br/produto/2937116408?pfm_carac=smartphone&pfm_page=search&pfm_pos=grid&pfm_type=search_page&offerId=606c9b600c0704426641c0e8&buyboxToken=smartbuybox-acom-v2-0ac009ae-df02-4f4a-b247-f4cd5c20cead-2021-10-14 11:28:57-0300;Americanas
Smartphone Samsung Galaxy A72 128GB 4G Wi-Fi Tela 6.7'' Dual Chip 6GB RAM Câmera Quádrupla + Selfie 32MP - Azul;174;2245.5;https://www.americanas.com.br/produto/2937116299?pfm_carac=smartphone&pfm_page=search&pfm_pos=grid&pfm_type=search_page&offerId=61001fde52131c3c81cee760&buyboxToken=smartbuybox-acom-v2-31582622-a0d8-4e7f-aa02-c9c7cbe31122-2021-10-14 11:32:40-0300;Americanas
Smartphone Motorola Moto E6s 64GB 4G Wi-Fi Tela 6.1'' Dual Chip 4GB RAM Câmera Dupla + Selfie 5MP - Vermelho Magenta;91;822.78;https://www.americanas.com.br/produto/2799308831?pfm_carac=smartphone&pfm_page=search&pfm_pos=grid&pfm_type=search_page&offerId=61423c3c09c351890d66a863&buyboxToken=smartbuybox-acom-v2-cf9a5c31-baec-49ce-a0cb-2838fbb4c8a0-2021-10-14 11:32:40-0300;Americanas
Smartphone LG K52 64GB 4G Wi-Fi Tela 6.6'' Dual Chip 3GB RAM Câmera Quádrupla + Selfie 8MP - Vermelho;46;899.0;https://www.americanas.com.br/produto/2324602454?pfm_carac=smartphone&pfm_page=search&pfm_pos=grid&pfm_type=search_page&offerId=5fad75cdc5c9bbe5fc1d6e0f&buyboxToken=smartbuybox-acom-v2-5ec2f9fd-eed1-46e3-bc45-a187b20bc899-2021-10-14 11:32:40-0300;Americanas
"Smartphone Positivo Twist 4 Fit 32GB Dual Chip Android 10 Tela 5"" Quad-Core 1,3 GHz 3G 8MP - Vermelho Rubber";48;429.0;https://www.americanas.com.br/produto/2973306508?pfm_carac=smartphone&pfm_page=search&pfm_pos=grid&pfm_type=search_page&offerId=6058fb620c07044266504ede&buyboxToken=smartbuybox-acom-v2-7a3a275f-8acd-476e-876e-bc65027e1a54-2021-10-14 11:32:40-0300;Americanas
Smartphone Samsung Galaxy A03s 64GB 4G Wi-Fi Tela 6,5'' Dual Chip 4GB RAM Câmera Tripla + Selfie 5MP - Azul;2;924.1;https://www.americanas.com.br/produto/3695304296?pfm_carac=smartphone&pfm_page=search&pfm_pos=grid&pfm_type=search_page&offerId=612cc3d909c351890d3d8ad2&buyboxToken=smartbuybox-acom-v2-a5106007-32ee-4033-90b3-9396419ae653-2021-10-14 11:32:40-0300;Americanas
Smartphone Samsung Galaxy A52 128GB 4G Wi-Fi Tela 6.5'' Dual Chip 6GB RAM Câmera Quádrupla + Selfie 32MP - Preto;70;2099.0;https://www.americanas.com.br/produto/2937116344?pfm_carac=smartphone&pfm_page=search&pfm_pos=grid&pfm_type=search_page&offerId=610be62852131c3c814cd5d5&buyboxToken=smartbuybox-acom-v2-cb76984e-740b-4feb-b6d2-7969cc4a346d-2021-10-14 11:32:40-0300;Americanas
Smartphone Motorola Moto E6i 32GB 4G Wi-Fi Tela 6.1'' Dual Chip 2GB RAM Câmera Dupla + Selfie 5MP - Cinza Titanium;80;1017.99;https://www.americanas.com.br/produto/2910437471?pfm_carac=smartphone&pfm_page=search&pfm_pos=grid&pfm_type=search_page&offerId=61240f5609c351890dd43be5&buyboxToken=smartbuybox-acom-v2-1d027b3d-f708-4598-bfc0-841673304c45-2021-10-14 11:32:40-0300;Americanas
Smartphone Samsung Galaxy S21 128GB 5G Wi-Fi Tela 6.2'' Dual Chip 8GB RAM Câmera Tripla + Selfie 10MP - Cinza;78;4201.85;https://www.americanas.com.br/produto/2875240373?pfm_carac=smartphone&pfm_page=search&pfm_pos=grid&pfm_type=search_page&offerId=60624d8a0c07044266c0f18d&buyboxToken=smartbuybox-acom-v2-583e9a4a-c672-4204-a6dc-5afd8bf5f5b6-2021-10-14 11:28:25-0300;Americanas
Smartphone ASUS Zenfone Max Pro M2 6GB RAM, 64GB, Black Saphire TELA 6.26”, 12MP+5MP;9;889.33;https://www.americanas.com.br/produto/3866300952?pfm_carac=smartphone&pfm_page=search&pfm_pos=grid&pfm_type=search_page&offerId=6139f8df09c351890de895d0&buyboxToken=smartbuybox-acom-v2-0a159fcf-fc90-4edf-bab3-bd35ecefc642-2021-10-14 11:32:40-0300;Americanas
Smartphone Motorola Moto E7 Plus 64GB 4G Wi-Fi Tela 6.5'' Dual Chip 4GB RAM Câmera Dupla + Selfie 8MP - Bronze Âmbar;231;972.54;https://www.americanas.com.br/produto/1972841146?pfm_carac=smartphone&pfm_page=search&pfm_pos=grid&pfm_type=search_page&offerId=6113bf38549cd5594fea47cb&buyboxToken=smartbuybox-acom-v2-096d0db2-18f8-4705-ae4c-75a37777e0d9-2021-10-14 11:32:40-0300;Americanas
Smartphone Samsung Galaxy Note 20 Ultra 256GB 5G Wi-Fi Tela 6.9'' Dual Chip 12MP RAM Câmera Tripla + Selfie 10MP - Mystic Bronze;107;4878.7;https://www.americanas.com.br/produto/1962217147?pfm_carac=smartphone&pfm_page=search&pfm_pos=grid&pfm_type=search_page&offerId=5f505c76cc79e88b868fb34f&buyboxToken=smartbuybox-acom-v2-74ccb52e-7bc6-4ab0-904e-4cd319e6b218-2021-10-14 11:32:40-0300;Americanas
Smartphone Motorola Moto G60s 128GB 4G Wi-Fi Tela 6,8'' Dual Chip 6GB RAM Câmera Quádrupla + Selfie 16MP - Verde;2;1984.55;https://www.americanas.com.br/produto/3618529900?pfm_carac=smartphone&pfm_page=search&pfm_pos=grid&pfm_type=search_page&offerId=6143947e09c351890da9169d&buyboxToken=smartbuybox-acom-v2-750cb0c9-0867-408b-98e1-29e19c68d6e4-2021-10-14 11:32:40-0300;Americanas
Smartphone Motorola Moto E6s 32GB 4G Wi-Fi Tela 6.1'' Dual Chip 2GB RAM Câmera Dupla + Selfie 5MP - Cinza Titanium;21;844.55;https://www.americanas.com.br/produto/2950123776?pfm_carac=smartphone&pfm_page=search&pfm_pos=grid&pfm_type=search_page&offerId=612d997e09c351890dd8d731&buyboxToken=smartbuybox-acom-v2-3f99d6c5-c95c-4778-884f-8eabb20394bf-2021-10-14 11:32:40-0300;Americanas
Smartphone Motorola Moto G 5G 128GB Tela 6.7'' Dual Chip 6GB RAM Câmera Tripla + Selfie 16MP - Prata Prisma;67;1799.1;https://www.americanas.com.br/produto/2626418732?pfm_carac=smartphone&pfm_page=search&pfm_pos=grid&pfm_type=search_page&offerId=6001b3d40c07044266448f85&buyboxToken=smartbuybox-acom-v2-8cbeddb4-276e-4d0c-add3-ffafeeb5228a-2021-10-14 11:32:40-0300;Americanas
Smartphone LG K41s 32GB 4G Wi-Fi Tela 6.5'' Dual Chip 3GB RAM Câmera Quádrupla + Selfie 8MP - Titânio;100;757.57;https://www.americanas.com.br/produto/1674059906?pfm_carac=smartphone&pfm_page=search&pfm_pos=grid&pfm_type=search_page&offerId=614e077709c351890d2b3d4b&buyboxToken=smartbuybox-acom-v2-3813ddba-1292-4366-aa7c-b64623925cb0-2021-10-14 11:32:40-0300;Americanas
Smartphone LG K52 64GB 4G Wi-Fi Tela 6.6'' Dual Chip 3GB RAM Câmera Quádrupla + Selfie 8MP - Cinza;30;899.0;https://www.americanas.com.br/produto/2324622623?pfm_carac=smartphone&pfm_page=search&pfm_pos=grid&pfm_type=search_page&offerId=5fad75cdc5c9bbe5fc1d6e09&buyboxToken=smartbuybox-acom-v2-c37cda7c-b09e-4c4d-9260-2614885e221c-2021-10-14 11:32:40-0300;Americanas
Smartphone Samsung Galaxy Note 20 256GB 5G Wi-Fi Tela 6.7'' Dual Chip 8GB RAM Câmera Tripla + Selfie 10MP - Mystic Gray;40;3129.1;https://www.americanas.com.br/produto/1962216996?pfm_carac=smartphone&pfm_page=search&pfm_pos=grid&pfm_type=search_page&offerId=5f503cd4cc79e88b8666ec26&buyboxToken=smartbuybox-acom-v2-f7bc680b-a0b4-4be3-bff0-0ee1252657ba-2021-10-14 11:27:46-0300;Americanas
Smartphone Samsung Galaxy A12 64GB 4G Wi-Fi Tela 6.5'' Dual Chip 4GB RAM Câmera Quádrupla + Selfie 8MP - Preto;6;955.57;https://www.americanas.com.br/produto/3586825324?pfm_carac=smartphone&pfm_page=search&pfm_pos=grid&pfm_type=search_page&offerId=612f7ec309c351890dbca27d;Americanas
Smartphone Motorola Moto G20 128GB 4G Wi-Fi Tela 6.5'' Dual Chip 4GB RAM Câmera Quádrupla + Selfie 13MP - Azul;2;1349.1;https://www.americanas.com.br/produto/3805072618?pfm_carac=smartphone&pfm_page=search&pfm_pos=grid&pfm_type=search_page&offerId=6141f5b509c351890db5804d&buyboxToken=smartbuybox-acom-v2-95dd61fe-a55a-4b14-b185-2a2100d45b02-2021-10-14 11:32:40-0300;Americanas
"Smartphone Samsung Galaxy M51 128GB Wi-Fi Tela 6.7"" Dual Chip 6GB RAM Câmera Quádrupla + Selfie 32MP";352;2499.0;https://www.americanas.com.br/produto/2894032801?pfm_carac=smartphone&pfm_page=search&pfm_pos=grid&pfm_type=search_page&offerId=60c01e0052131c3c81b2ef8c&buyboxToken=smartbuybox-acom-v2-d48c314d-e4b0-47cc-bf0b-982630b296a4-2021-10-14 11:32:40-0300;Americanas
Smartphone LG K62 64GB 4G Wi-Fi Tela 6.6'' Dual Chip 4GB RAM Câmera Quádrupla + Selfie 13MP - Azul;16;929.66;https://www.americanas.com.br/produto/2324590191?pfm_carac=smartphone&pfm_page=search&pfm_pos=grid&pfm_type=search_page&offerId=5fbcff05762ff3671914c76c&buyboxToken=smartbuybox-acom-v2-7367cb86-0f4a-4460-aae5-6d72dec246d7-2021-10-14 11:32:24-0300;Americanas
Smartphone Samsung Galaxy A10s 32GB 4G Wi-Fi Tela 6.2'' Dual Chip 2GB RAM Câmera Dupla + Selfie 8MP - Azul Absurdo;86;899.0;https://www.americanas.com.br/produto/2751078132?pfm_carac=smartphone&pfm_page=search&pfm_pos=grid&pfm_type=search_page&offerId=601414d50c0704426686f62c&buyboxToken=smartbuybox-acom-v2-13a67b31-f7b4-44a9-8099-02007dd0591e-2021-10-14 11:26:11-0300;Americanas
Smartphone Samsung Galaxy A52 128GB 4G Wi-Fi Tela 6.5'' Dual Chip 6GB RAM Câmera Quádrupla + Selfie 32MP - Branco;48;1932.07;https://www.americanas.com.br/produto/2969521408?pfm_carac=smartphone&pfm_page=search&pfm_pos=grid&pfm_type=search_page&offerId=606c9b600c0704426641c12f&buyboxToken=smartbuybox-acom-v2-32a6c17b-dc22-4112-9dd3-e4477f4426d8-2021-10-14 11:32:40-0300;Americanas
Smartphone LG K62 64GB 4G Wi-Fi Tela 6.6'' Dual Chip 4GB RAM Câmera Quádrupla + Selfie 13MP - Vermelho;17;929.66;https://www.americanas.com.br/produto/2324613495?pfm_carac=smartphone&pfm_page=search&pfm_pos=grid&pfm_type=search_page&offerId=5fb2d549762ff36719fb37f8&buyboxToken=smartbuybox-acom-v2-5bafcae6-0e6a-4c8b-93cf-9235b5824d55-2021-10-14 11:32:40-0300;Americanas
Smartphone Samsung Galaxy S20 Fe 128GB 4G Wi-Fi Tela 6.5'' Dual Chip 6GB RAM Câmera Tripla + Selfie 32MP - Cloud Navy;158;3118.95;https://www.americanas.com.br/produto/2290967041?pfm_carac=smartphone&pfm_page=search&pfm_pos=grid&pfm_type=search_page&offerId=60ab9efc52131c3c815d94f8&buyboxToken=smartbuybox-acom-v2-b893b937-49f9-4390-9183-dcd3fd456ee7-2021-10-14 11:29:44-0300;Americanas
Smartphone Samsung Galaxy S20 Fe 256GB 4G Wi-Fi Tela 6.5'' Dual Chip 8GB RAM Câmera Tripla + Selfie 32MP - Cloud Navy;120;2830.05;https://www.americanas.com.br/produto/3234384238?pfm_carac=smartphone&pfm_page=search&pfm_pos=grid&pfm_type=search_page&offerId=615b4b9e09c351890d5b3837&buyboxToken=smartbuybox-acom-v2-7c793ca7-fce2-4429-a244-20c106276bc8-2021-10-14 11:29:44-0300;Americanas
Smartphone Motorola Moto G 5G 128GB Tela 6.7'' Dual Chip 6GB RAM Câmera Tripla + Selfie 16MP - Preto Prisma;57;1889.0;https://www.americanas.com.br/produto/2626418901?pfm_carac=smartphone&pfm_page=search&pfm_pos=grid&pfm_type=search_page&offerId=5fd145da0c07044266981971&buyboxToken=smartbuybox-acom-v2-5821c3bb-086a-4e53-a395-56a36bbffe2b-2021-10-14 11:32:40-0300;Americanas
Smartphone Samsung Galaxy A01 32GB 4G Wi-Fi Tela 5.7'' Dual Chip 2GB RAM Câmera Dupla + Selfie 5MP - Azul;597;1139.05;https://www.americanas.com.br/produto/1445076868?pfm_carac=smartphone&pfm_page=search&pfm_pos=grid&pfm_type=search_page&offerId=5ee8d4ae79bf8430cbc806b0&buyboxToken=smartbuybox-acom-v2-71cc4f7b-19c8-409f-9e52-279013014edf-2021-10-14 11:32:40-0300;Americanas
Smartphone Samsung Galaxy M31 128GB 4G Wi-Fi Tela 6.4'' Dual Chip 6GB RAM Câmera Quádrupla + Selfie 32MP - Preto;738;1784.05;https://www.americanas.com.br/produto/1739672542?pfm_carac=smartphone&pfm_page=search&pfm_pos=grid&pfm_type=search_page&offerId=5f0612b079bf8430cbf14b5f;Americanas
Smartphone LG K41s 32GB 4G Wi-Fi Tela 6.5'' Dual Chip 3GB RAM Câmera Quádrupla + Selfie 8MP - Preto;80;769.86;https://www.americanas.com.br/produto/1676380841?pfm_carac=smartphone&pfm_page=search&pfm_pos=grid&pfm_type=search_page&offerId=5f52a719cc79e88b860d7c72&buyboxToken=smartbuybox-acom-v2-153d52d9-d93e-444f-8d59-61e927196315-2021-10-14 11:32:40-0300;Americanas
Smartphone Samsung Galaxy S21 Ultra 256GB 5G Wi-Fi Tela 6.8'' Dual Chip 12GB RAM Câmera Quádrupla + Selfie 40MP - Preto;60;6479.99;https://www.americanas.com.br/produto/2810434741?pfm_carac=smartphone&pfm_page=search&pfm_pos=grid&pfm_type=search_page&offerId=6023bea40c07044266955bbb&buyboxToken=smartbuybox-acom-v2-323d4381-920b-4f12-9d31-c386eb595bfb-2021-10-14 11:32:40-0300;Americanas
Smartphone Realme C25 128GB 4G Wi-Fi Tela 6.5'' Dual Chip 4GB RAM Câmera Tripla + Selfie 8MP - Azul;64;1068.57;https://www.americanas.com.br/produto/3402735878?pfm_carac=smartphone&pfm_page=search&pfm_pos=grid&pfm_type=search_page&offerId=60d0fe8952131c3c81acbf00&buyboxToken=smartbuybox-acom-v2-9924bdf6-1b36-4867-a6a8-f279c788a937-2021-10-14 11:32:40-0300;Americanas
Smartphone Motorola Moto G9 Play 64GB 4G Wi-Fi Tela 6.5'' Dual Chip 4GB RAM Câmera Tripla + Selfie 8MP - Rosa Quartzo;332;1556.94;https://www.americanas.com.br/produto/1966162753?pfm_carac=smartphone&pfm_page=search&pfm_pos=grid&pfm_type=search_page&offerId=6128098f09c351890d818847&buyboxToken=smartbuybox-acom-v2-39650e6e-6fe3-483b-9324-47868c19d0d2-2021-10-14 11:32:40-0300;Americanas
Smartphone Samsung Galaxy S21 Ultra 256GB 5G Wi-Fi Tela 6.8'' Dual Chip 12GB RAM Câmera Quádrupla + Selfie 40MP - Prata;38;7354.9;https://www.americanas.com.br/produto/2810434601?pfm_carac=smartphone&pfm_page=search&pfm_pos=grid&pfm_type=search_page&offerId=60df7c6552131c3c81ca400d&buyboxToken=smartbuybox-acom-v2-5682f64e-a020-4223-9a76-5a7fbe5ba994-2021-10-14 11:32:40-0300;Americanas
Smartphone Samsung Galaxy Note 20 256GB 5G Wi-Fi Tela 6.7'' Dual Chip 8GB RAM Câmera Tripla + Selfie 10MP - Mystic Bronze;35;3365.21;https://www.americanas.com.br/produto/1962216945?pfm_carac=smartphone&pfm_page=search&pfm_pos=grid&pfm_type=search_page&offerId=5f503d10cc79e88b866740be&buyboxToken=smartbuybox-acom-v2-3c977fa4-3108-4a28-959e-7a72a036e700-2021-10-14 11:32:40-0300;Americanas
Smartphone Samsung Galaxy M31 128GB 4G Wi-Fi Tela 6.4'' Dual Chip 6GB RAM Câmera Quádrupla + Selfie 32MP - Rosa;0;1784.05;https://www.americanas.com.br/produto/1746063809?pfm_carac=smartphone&pfm_page=search&pfm_pos=grid&pfm_type=search_page&offerId=5f0612af79bf8430cbf149e8&buyboxToken=smartbuybox-acom-v2-0715d440-9008-4792-8de0-f21b99b54e36-2021-10-14 11:32:40-0300;Americanas
Smartphone Realme 8 5G 128GB 5G Wi-Fi Tela 6.5'' Dual Chip 8GB RAM Câmera Tripla + Selfie 16MP - Preto;0;1533.57;https://www.americanas.com.br/produto/3702117369?pfm_carac=smartphone&pfm_page=search&pfm_pos=grid&pfm_type=search_page&offerId=6124137f09c351890de3e51a&buyboxToken=smartbuybox-acom-v2-85b1d54c-ff6a-4ddc-a052-d57601f0c8c4-2021-10-14 11:32:40-0300;Americanas
Smartphone LG K22 32GB 4G Wi-Fi Tela 6.2'' Dual Chip 2GB RAM Câmera Dupla + Selfie 5MP - Azul;89;664.05;https://www.americanas.com.br/produto/1965288813?pfm_carac=smartphone&pfm_page=search&pfm_pos=grid&pfm_type=search_page&offerId=5ffcf0d10c070442661c2456&buyboxToken=smartbuybox-acom-v2-fde20aaf-dedb-4530-83b6-60f0442f9ce0-2021-10-14 11:32:24-0300;Americanas
Smartphone Motorola Edge 128GB 5G Wi-Fi Tela 6.7'' Dual Chip 6GB RAM Câmera Quádrupla + Selfie 25MP - Midnight Red;13;4489.0;https://www.americanas.com.br/produto/1778939633?pfm_carac=smartphone&pfm_page=search&pfm_pos=grid&pfm_type=search_page&offerId=5fca2bda0c0704426676a52a&buyboxToken=smartbuybox-acom-v2-13f185f6-33ab-437e-bbc9-d67e1e718050-2021-10-14 11:33:19-0300;Americanas
Smartphone Samsung Galaxy A03s 64GB 4G Wi-Fi Tela 6,5'' Dual Chip 4GB RAM Câmera Tripla + Selfie 5MP - Vermelho;3;924.1;https://www.americanas.com.br/produto/3695306401?pfm_carac=smartphone&pfm_page=search&pfm_pos=grid&pfm_type=search_page&offerId=612cc3d909c351890d3d8b0f&buyboxToken=smartbuybox-acom-v2-d430ea74-775a-466a-b426-c185934aef21-2021-10-14 11:33:19-0300;Americanas
Smartphone LG K61 128GB 4G Wi-Fi Tela 6.5'' Dual Chip 4GB RAM Câmera Quádrupla + Selfie 16MP - Titânio;107;1199.0;https://www.americanas.com.br/produto/1674892789?pfm_carac=smartphone&pfm_page=search&pfm_pos=grid&pfm_type=search_page&offerId=5ec7bcb479bf8430cb94efe8&buyboxToken=smartbuybox-acom-v2-2df1f4a0-7d5c-4504-b0b2-9cc2ea15ac5c-2021-10-14 11:33:19-0300;Americanas
Smartphone Samsung Galaxy A01 32GB 4G Wi-Fi Tela 5.7'' Dual Chip 2GB RAM Câmera Dupla + Selfie 5MP - Preto;592;1139.05;https://www.americanas.com.br/produto/1442622544?pfm_carac=smartphone&pfm_page=search&pfm_pos=grid&pfm_type=search_page&offerId=5ee8d4ae79bf8430cbc805f1&buyboxToken=smartbuybox-acom-v2-5ef74c08-8055-40a8-9cdb-f1c8ef71e452-2021-10-14 11:33:19-0300;Americanas
Smartphone Samsung Galaxy A31 128GB 4G Wi-Fi Tela 6.4'' Dual Chip 4GB RAM Câmera Quádrupla + Selfie 20MP - Azul;202;2299.99;https://www.americanas.com.br/produto/1691398117?pfm_carac=smartphone&pfm_page=search&pfm_pos=grid&pfm_type=search_page&offerId=5eba900379bf8430cbdc877d&buyboxToken=smartbuybox-acom-v2-acdd9425-bdf0-458f-8702-cfad0653152e-2021-10-14 11:33:19-0300;Americanas
Smartphone Samsung Galaxy A51 128GB 4G Wi-Fi Tela 6.5'' Dual Chip 4GB RAM Câmera Quádrupla + Selfie 32MP - Cinza;78;2099.0;https://www.americanas.com.br/produto/1803603251?pfm_carac=smartphone&pfm_page=search&pfm_pos=grid&pfm_type=search_page&offerId=5f47a6a1cc79e88b86a0673c&buyboxToken=smartbuybox-acom-v2-b4a7b2b5-21e0-45c8-90fe-c92b3029901a-2021-10-14 11:33:19-0300;Americanas
Smartphone Samsung Galaxy Note 20 Ultra 256GB 5G Wi-Fi Tela 6.9'' Dual Chip 12MP RAM Câmera Tripla + Selfie 10MP - Mystic White;25;4878.7;https://www.americanas.com.br/produto/1962216881?pfm_carac=smartphone&pfm_page=search&pfm_pos=grid&pfm_type=search_page&offerId=5f505ceecc79e88b869031ef&buyboxToken=smartbuybox-acom-v2-ea4b5260-24bf-44a7-84d1-1298a3dbb951-2021-10-14 11:33:19-0300;Americanas
Smartphone Samsung Galaxy S21 128GB 5G Wi-Fi Tela 6.2'' Dual Chip 8GB RAM Câmera Tripla + Selfie 10MP - Branco;12;4504.69;https://www.americanas.com.br/produto/2826496823?pfm_carac=smartphone&pfm_page=search&pfm_pos=grid&pfm_type=search_page&offerId=60e7637852131c3c81f0cd56&buyboxToken=smartbuybox-acom-v2-2dcf2017-ce8a-4ee9-a4a8-a112f3c8aa2e-2021-10-14 11:33:19-0300;Americanas
Smartphone Samsung Galaxy A10s 32GB 4G Wi-Fi Tela 6.2'' Dual Chip 2GB RAM Câmera Dupla + Selfie 8MP - Preto;604;918.34;https://www.americanas.com.br/produto/1244356177?pfm_carac=smartphone&pfm_page=search&pfm_pos=grid&pfm_type=search_page&offerId=61365d1609c351890df1d0c1&buyboxToken=smartbuybox-acom-v2-b30f9164-8590-4243-a537-10290e199b46-2021-10-14 11:33:19-0300;Americanas
Smartphone Samsung Galaxy A11 64GB 4G Wi-Fi Tela 6.4'' Dual Chip 3GB RAM Câmera Tripla + Selfie 8MP - Azul;308;1519.05;https://www.americanas.com.br/produto/1708546447?pfm_carac=smartphone&pfm_page=search&pfm_pos=grid&pfm_type=search_page&offerId=5fbeb858762ff367196e9453&buyboxToken=smartbuybox-acom-v2-39e14830-22c9-48e7-9025-8875d8034bbb-2021-10-14 11:33:19-0300;Americanas
Smartphone LG K52 64GB 4G Wi-Fi Tela 6.6'' Dual Chip 3GB RAM Câmera Quádrupla + Selfie 8MP - Verde;8;899.0;https://www.americanas.com.br/produto/2324623845?pfm_carac=smartphone&pfm_page=search&pfm_pos=grid&pfm_type=search_page&offerId=5fad75cec5c9bbe5fc1d75e7&buyboxToken=smartbuybox-acom-v2-70013663-a91f-42ae-912d-797a0204098d-2021-10-14 11:33:19-0300;Americanas
Smartphone Motorola Moto G100 256GB 5G Wi-Fi Tela 6.7'' Dual Chip 12GB RAM Câmera Tripla + Selfie 16MP + 8MP - Luminous Sky;66;3419.1;https://www.americanas.com.br/produto/2917268261?pfm_carac=smartphone&pfm_page=search&pfm_pos=grid&pfm_type=search_page&offerId=6168263d09c351890d679c44&buyboxToken=smartbuybox-acom-v2-a9a5fcb6-53b5-4a29-b922-f67ec26b825f-2021-10-14 11:31:55-0300;Americanas
Smartphone Samsung Galaxy A31 128GB 4G Wi-Fi Tela 6.4'' Dual Chip 4GB RAM Câmera Quádrupla + Selfie 20MP - Branco;182;2612.81;https://www.americanas.com.br/produto/1669977331?pfm_carac=smartphone&pfm_page=search&pfm_pos=grid&pfm_type=search_page&offerId=5fd39b150c070442667fd809&buyboxToken=smartbuybox-acom-v2-22430b56-023f-47e8-826b-6d538a6a2a34-2021-10-14 11:33:19-0300;Americanas
Smartphone Samsung Galaxy A52 128GB 4G Wi-Fi Tela 6.5'' Dual Chip 6GB RAM Câmera Quádrupla + Selfie 32MP - Azul;29;1932.07;https://www.americanas.com.br/produto/2937116521?pfm_carac=smartphone&pfm_page=search&pfm_pos=grid&pfm_type=search_page&offerId=606c9b5f0c0704426641c003&buyboxToken=smartbuybox-acom-v2-b1712617-2852-427f-a149-a7749da15cf9-2021-10-14 11:33:19-0300;Americanas
Smartphone Motorola Moto E6s 64GB 4G Wi-Fi Tela 6.1'' Dual Chip 4GB RAM Câmera Dupla + Selfie 5MP - Azul Navy;162;1399.0;https://www.americanas.com.br/produto/1962216911?pfm_carac=smartphone&pfm_page=search&pfm_pos=grid&pfm_type=search_page&offerId=603515690c07044266e21072&buyboxToken=smartbuybox-acom-v2-769126de-5d62-4319-b6e8-ca05d997c5b9-2021-10-14 11:33:19-0300;Americanas
Smartphone Xiaomi Poco M3 128GB 4GB ram Tela 6,53 Câmera Tripla 48MP Octa-core Dual Sim 6000mAh - Amarelo;9;1440.0;https://www.americanas.com.br/produto/3288824711?pfm_carac=smartphone&pfm_page=search&pfm_pos=grid&pfm_type=search_page&offerId=60a001e552131c3c81fe9dce&buyboxToken=smartbuybox-acom-v2-8f144c3b-a4d9-417e-b002-f8b32d131f20-2021-10-14 11:32:32-0300;Americanas
Smartphone Samsung Galaxy A72 128GB 4G Wi-Fi Tela 6.7'' Dual Chip 6GB RAM Câmera Quádrupla + Selfie 32MP - Violeta;155;2887.93;https://www.americanas.com.br/produto/2937116441?pfm_carac=smartphone&pfm_page=search&pfm_pos=grid&pfm_type=search_page&offerId=60fb0d1652131c3c814ffe2e&buyboxToken=smartbuybox-acom-v2-13bbb20c-507c-4984-a1cd-9e62c6c3fcbb-2021-10-14 11:33:19-0300;Americanas
Smartphone Samsung Galaxy S20 Fe 256GB 4G Wi-Fi Tela 6.5'' Dual Chip 8GB RAM Câmera Tripla + Selfie 32MP - Cloud Lavender;26;3129.1;https://www.americanas.com.br/produto/3234382523?pfm_carac=smartphone&pfm_page=search&pfm_pos=grid&pfm_type=search_page&offerId=60a25e7952131c3c8106f855&buyboxToken=smartbuybox-acom-v2-81f78c0c-97f0-4a06-9c23-f7aa921935c3-2021-10-14 11:33:19-0300;Americanas
Smartphone Xiaomi Redmi Note 9 64GB Dual Chip Android 10 Tela 6,53 4G Câmera Quadrupla Traseira 48MP+8MP+2MP+2MP - Branco;11;1599.99;https://www.americanas.com.br/produto/1854257598?pfm_carac=smartphone&pfm_page=search&pfm_pos=grid&pfm_type=search_page&offerId=5f5247becc79e88b8679334d&buyboxToken=smartbuybox-acom-v2-a5efdcf2-c575-4691-bfd0-361dea145440-2021-10-14 11:33:19-0300;Americanas
Smartphone Multilaser E Lite 3G 32GB Dual Chip - Preto - P9126;28;449.0;https://www.americanas.com.br/produto/1986444660?pfm_carac=smartphone&pfm_page=search&pfm_pos=grid&pfm_type=search_page&offerId=5fe38bd80c070442660f90c8&buyboxToken=smartbuybox-acom-v2-e9e5a151-a8df-41ec-ad94-b1209fc6a71b-2021-10-14 11:33:19-0300;Americanas
Smartphone LG K22+ 64GB 4G Wi-Fi Tela 6.2'' Dual Chip 3GB RAM Câmera Dupla + Selfie 5MP - Vermelho;93;999.0;https://www.americanas.com.br/produto/1965288493?pfm_carac=smartphone&pfm_page=search&pfm_pos=grid&pfm_type=search_page&offerId=5fbc234a762ff367198807c5&buyboxToken=smartbuybox-acom-v2-6d484a3a-16d4-4aca-8854-5b2724bdf1e7-2021-10-14 11:33:19-0300;Americanas
Smartphone Motorola Moto G60s 128GB 4G Wi-Fi Tela 6,8'' Dual Chip 6GB RAM Câmera Quádrupla + Selfie 16MP - Azul;1;1794.55;https://www.americanas.com.br/produto/3616554052?pfm_carac=smartphone&pfm_page=search&pfm_pos=grid&pfm_type=search_page&offerId=61649e9009c351890d2fae1b&buyboxToken=smartbuybox-acom-v2-b6d387b3-8375-4787-b145-f6883f2b3dd1-2021-10-14 11:33:19-0300;Americanas
Smartphone Motorola Moto G8 64GB 4G Wi-Fi Tela 6.4'' Dual Chip 4GB RAM Câmera Tripla + Selfie 8MP - Azul Capri;526;1002.07;https://www.americanas.com.br/produto/1451187505?pfm_carac=smartphone&pfm_page=search&pfm_pos=grid&pfm_type=search_page&offerId=5e60e8dc79bf8430cbac6382&buyboxToken=smartbuybox-acom-v2-03ca7c80-f645-43dd-a1f6-20237dc47285-2021-10-14 11:33:19-0300;Americanas
Smartphone Samsung Galaxy S21 128GB 5G Wi-Fi Tela 6.2'' Dual Chip 8GB RAM Câmera Tripla + Selfie 10MP - Violeta;21;3978.7;https://www.americanas.com.br/produto/2875227427?pfm_carac=smartphone&pfm_page=search&pfm_pos=grid&pfm_type=search_page&offerId=6023bea40c07044266955bf6&buyboxToken=smartbuybox-acom-v2-1be60b75-d6c9-402d-bf5e-ea42773a2d79-2021-10-14 11:33:19-0300;Americanas
Smartphone Samsung Galaxy A03s 64GB 4G Wi-Fi Tela 6,5'' Dual Chip 4GB RAM Câmera Tripla + Selfie 5MP - Preto;0;924.1;https://www.americanas.com.br/produto/3687308545?pfm_carac=smartphone&pfm_page=search&pfm_pos=grid&pfm_type=search_page&offerId=612cc3d909c351890d3d8bf0&buyboxToken=smartbuybox-acom-v2-1c266ba5-16e6-49a4-93ac-c86178dd1c87-2021-10-14 11:33:19-0300;Americanas
Smartphone Motorola Edge+ 256GB 5G Wi-Fi Tela 6.7'' 12GB RAM Câmera Tripla + Selfie 25MP - Thunder Grey;75;5198.94;https://www.americanas.com.br/produto/1778939676?pfm_carac=smartphone&pfm_page=search&pfm_pos=grid&pfm_type=search_page&offerId=5fd100580c07044266cd4a2a&buyboxToken=smartbuybox-acom-v2-c8474950-9544-49e2-9cfa-ca4432c6b019-2021-10-14 11:33:19-0300;Americanas
Smartphone Samsung Galaxy A71 128GB 4G Wi-Fi Tela 6.7'' Dual Chip 6GB RAM Câmera Quádrupla + Selfie 32MP - Preto;586;2232.4;https://www.americanas.com.br/produto/1448106014?pfm_carac=smartphone&pfm_page=search&pfm_pos=grid&pfm_type=search_page&offerId=5f1ad4c679bf8430cb42f7dc&buyboxToken=smartbuybox-acom-v2-da7ad7f5-b6f0-4227-82eb-d2aa5469f098-2021-10-14 11:33:19-0300;Americanas
Smartphone Samsung Galaxy Note 20 256GB 5G Wi-Fi Tela 6.7'' Dual Chip 8GB RAM Câmera Tripla + Selfie 10MP - Mystic Green;25;3229.69;https://www.americanas.com.br/produto/1962217163?pfm_carac=smartphone&pfm_page=search&pfm_pos=grid&pfm_type=search_page&offerId=5f505da3cc79e88b8690ee48&buyboxToken=smartbuybox-acom-v2-1d848615-a16f-4dcf-bfcc-a536d1a7d13c-2021-10-14 11:33:19-0300;Americanas
Smartphone Samsung Galaxy A11 64GB 4G Wi-Fi Tela 6.4'' Dual Chip 3GB RAM Câmera Tripla + Selfie 8MP - Preto;291;1519.05;https://www.americanas.com.br/produto/1698065809?pfm_carac=smartphone&pfm_page=search&pfm_pos=grid&pfm_type=search_page&offerId=60c3ce4652131c3c8108cbdb&buyboxToken=smartbuybox-acom-v2-6bbdb69b-eb53-4bd7-8c60-fc26027e5257-2021-10-14 11:33:19-0300;Americanas
Smartphone Samsung Galaxy A21s 64GB 4G Wi-Fi Tela 6.5'' Dual Chip 3GB RAM Câmera Quádrupla + Selfie 13MP - Azul;190;1525.0;https://www.americanas.com.br/produto/1735311379?pfm_carac=smartphone&pfm_page=search&pfm_pos=grid&pfm_type=search_page&offerId=6143617009c351890d76b4e0&buyboxToken=smartbuybox-acom-v2-dfa40c45-8290-46cc-aca1-0601da1e26d9-2021-10-14 11:33:19-0300;Americanas
Smartphone Samsung Galaxy A71 128GB 4G Wi-Fi Tela 6.7'' Dual Chip 6GB RAM Câmera Quádrupla + Selfie 32MP - Azul;632;2199.0;https://www.americanas.com.br/produto/1447209353?pfm_carac=smartphone&pfm_page=search&pfm_pos=grid&pfm_type=search_page&offerId=5e84f3b679bf8430cbbdd9de&buyboxToken=smartbuybox-acom-v2-031042b0-425d-4e62-bccb-45d528f92e91-2021-10-14 11:33:19-0300;Americanas
Smartphone Xiaomi Redmi Note 10 6GB ram 128GB Versão Global - Branco;13;2151.0;https://www.americanas.com.br/produto/3204892004?pfm_carac=smartphone&pfm_page=search&pfm_pos=grid&pfm_type=search_page&offerId=6081b5f60c070442664f6ee5;Americanas
Smartphone Motorola Moto G8 Play 32GB 4G Wi-Fi Tela 6.2'' Dual Chip 2GB RAM Câmera Tripla + Selfie 8MP - Preto Ônix;830;2146.8;https://www.americanas.com.br/produto/455775030?pfm_carac=smartphone&pfm_page=search&pfm_pos=grid&pfm_type=search_page&offerId=61532cad09c351890dbfc642&buyboxToken=smartbuybox-acom-v2-4b814529-a72c-4f13-aa80-d36e4c8145ab-2021-10-14 11:33:19-0300;Americanas
"Smartphone Positivo Twist 4 Fit 32GB Dual Chip Android 10 Tela 5"" Quad-Core 1,3 GHz 3G 8MP - Black Piano";29;429.0;https://www.americanas.com.br/produto/2966382545?pfm_carac=smartphone&pfm_page=search&pfm_pos=grid&pfm_type=search_page&offerId=6058f8b40c070442664a21b6&buyboxToken=smartbuybox-acom-v2-90a0c82a-1b7b-4d6d-b3c0-7d5499f6dd24-2021-10-14 11:26:11-0300;Americanas
Smartphone LG K61 128GB 4G Wi-Fi Tela 6.5'' Dual Chip 4GB RAM Câmera Quádrupla + Selfie 16MP - Branco;60;1199.0;https://www.americanas.com.br/produto/1674892754?pfm_carac=smartphone&pfm_page=search&pfm_pos=grid&pfm_type=search_page&offerId=5ec7bfbf79bf8430cb9c1bee&buyboxToken=smartbuybox-acom-v2-21151983-73c3-480d-9694-bdb2c645fa29-2021-10-14 11:33:19-0300;Americanas
Smartphone Motorola Moto G9 Power 128GB 4G Wi-Fi Tela 6.8'' Dual Chip 4GB RAM Câmera Tripla + Selfie 16MP - Verde Pacífico;236;2295.99;https://www.americanas.com.br/produto/2751079514?pfm_carac=smartphone&pfm_page=search&pfm_pos=grid&pfm_type=search_page&offerId=60254c250c070442669263c4&buyboxToken=smartbuybox-acom-v2-9d182081-108b-4209-a167-d6cdca800191-2021-10-14 11:28:33-0300;Americanas
Smartphone Samsung Galaxy A21s 64GB 4G Wi-Fi Tela 6.5'' Dual Chip 3GB RAM Câmera Quádrupla + Selfie 13MP - Branco;209;1999.0;https://www.americanas.com.br/produto/1737425628?pfm_carac=smartphone&pfm_page=search&pfm_pos=grid&pfm_type=search_page&offerId=614bc13d09c351890dde9a04&buyboxToken=smartbuybox-acom-v2-84681d3d-6f8e-4374-aa61-13f3e1ab8dbf-2021-10-14 11:33:19-0300;Americanas
Smartphone Realme 8 5G 128GB 5G Wi-Fi Tela 6.5'' Dual Chip 8GB RAM Câmera Tripla + Selfie 16MP - Azul;7;1533.57;https://www.americanas.com.br/produto/3699743051?pfm_carac=smartphone&pfm_page=search&pfm_pos=grid&pfm_type=search_page&offerId=612413dd09c351890de5362a&buyboxToken=smartbuybox-acom-v2-9c6ea7d5-5ca1-4db4-81cf-f7458de64b64-2021-10-14 11:33:19-0300;Americanas
"Smartphone Xiaomi Redmi 9A 32GB 2GB RAM Tela 6.53"" Câmera Traseira 13MP Frontal de 5MP Bateria 5000mAh Azul";5;1039.99;https://www.americanas.com.br/produto/2407442249?pfm_carac=smartphone&pfm_page=search&pfm_pos=grid&pfm_type=search_page&offerId=5fd8c47e0c07044266688ea6&buyboxToken=smartbuybox-acom-v2-4381a74a-590a-4ca0-b766-dc09e8e06830-2021-10-14 11:33:19-0300;Americanas
Smartphone Samsung Galaxy A11 64GB 4G Wi-Fi Tela 6.4'' Dual Chip 3GB RAM Câmera Tripla + Selfie 8MP - Vermelho;205;999.0;https://www.americanas.com.br/produto/1698065770?pfm_carac=smartphone&pfm_page=search&pfm_pos=grid&pfm_type=search_page&offerId=61682d4709c351890d81158a&buyboxToken=smartbuybox-acom-v2-6fbedffa-6fe4-41a1-a6e9-80e945ffe5f9-2021-10-14 11:33:19-0300;Americanas
Smartphone Xiaomi Redmi Note 8 Branco - 64gb;8;1349.91;https://www.americanas.com.br/produto/1822922910?pfm_carac=smartphone&pfm_page=search&pfm_pos=grid&pfm_type=search_page&offerId=6120285709c351890d21531c;Americanas
Smartphone Samsung Galaxy A01 32GB 4G Wi-Fi Tela 5.7'' Dual Chip 2GB RAM Câmera Dupla + Selfie 5MP - Vermelho;679;999.9;https://www.americanas.com.br/produto/1448008211?pfm_carac=smartphone&pfm_page=search&pfm_pos=grid&pfm_type=search_page&offerId=6167d42309c351890d2693b6&buyboxToken=smartbuybox-acom-v2-4fce68d5-9825-47c7-8172-578893bce001-2021-10-14 11:31:56-0300;Americanas
Smartphone LG K51s 64GB 4G Wi-Fi Tela 6.5'' Dual Chip 3GB RAM Câmera Quádrupla + Selfie 13MP - Titânio;151;1399.0;https://www.americanas.com.br/produto/1676216434?pfm_carac=smartphone&pfm_page=search&pfm_pos=grid&pfm_type=search_page&offerId=5ec7bfbc79bf8430cb9c0896&buyboxToken=smartbuybox-acom-v2-0bc5bc58-284b-4cac-bdb9-85355455b5b8-2021-10-14 11:33:19-0300;Americanas
Smartphone Samsung Galaxy A32 - Violeta + Galaxy Fit2 - Preto;1;1776.67;https://www.americanas.com.br/produto/3309754281?pfm_carac=smartphone&pfm_page=search&pfm_pos=grid&pfm_type=search_page&offerId=6123c0e409c351890d0cb0d3;Americanas
Smartphone Samsung Galaxy A10s 32GB 4G Wi-Fi Tela 6.2'' Dual Chip 2GB RAM Câmera Dupla + Selfie 8MP - Vermelho;568;918.34;https://www.americanas.com.br/produto/1237560858?pfm_carac=smartphone&pfm_page=search&pfm_pos=grid&pfm_type=search_page&offerId=60ec761052131c3c81c5812a&buyboxToken=smartbuybox-acom-v2-476125dd-086e-4d73-911f-c62bfac8d859-2021-10-14 11:33:19-0300;Americanas
Smartphone Realme 7 128GB 4G Wi-Fi Tela 6.5'' Dual Chip 8GB RAM Câmera Tripla + Selfie 16MP - Mist White;20;1533.57;https://www.americanas.com.br/produto/3181027931?pfm_carac=smartphone&pfm_page=search&pfm_pos=grid&pfm_type=search_page&offerId=6086f5950c070442668662ff&buyboxToken=smartbuybox-acom-v2-60edd164-5347-4a77-a066-2dc02aba36b9-2021-10-14 11:26:33-0300;Americanas
Smartphone LG K62+ 128GB 4G Wi-Fi Tela 6.6'' Dual Chip 4GB RAM Câmera Quádrupla + Selfie 28MP - Branco;25;1291.38;https://www.americanas.com.br/produto/2324611300?pfm_carac=smartphone&pfm_page=search&pfm_pos=grid&pfm_type=search_page&offerId=6128ee4109c351890d26f357&buyboxToken=smartbuybox-acom-v2-60bd420a-8def-4723-b8c3-427a324afe8e-2021-10-14 11:33:19-0300;Americanas
Smartphone Motorola Moto E6s 32GB 4G Wi-Fi Tela 6.1'' Dual Chip 2GB RAM Câmera Dupla + Selfie 5MP - Pink;19;719.1;https://www.americanas.com.br/produto/2751077658?pfm_carac=smartphone&pfm_page=search&pfm_pos=grid&pfm_type=search_page&offerId=601db0510c07044266cccfb9&buyboxToken=smartbuybox-acom-v2-a116e5c0-fa8c-44ac-9771-7e86bdd4fbb9-2021-10-14 11:33:19-0300;Americanas
Smartphone Realme 8 Pro 128GB 4G Wi-Fi Tela 6.4'' Dual Chip 8GB RAM Câmera Tripla + Selfie 16MP - Preto;16;1793.97;https://www.americanas.com.br/produto/3386662090?pfm_carac=smartphone&pfm_page=search&pfm_pos=grid&pfm_type=search_page&offerId=60d0fe9952131c3c81acd266;Americanas
Smartphone Samsung Galaxy S10+ 128GB 4G Wi-Fi Tela 6.4'' Dual Chip 8GB RAM Câmera Tripla + Selfie 10MP - Branco;391;3999.0;https://www.americanas.com.br/produto/134217441?pfm_carac=smartphone&pfm_page=search&pfm_pos=grid&pfm_type=search_page&offerId=5fb06fdc762ff36719dda997&buyboxToken=smartbuybox-acom-v2-a384501a-9fe2-47b9-a90c-bffd49f6631a-2021-10-14 11:33:19-0300;Americanas
Celular Dual Chip LG B220 Desbloqueado 32MB 2G Rádio FM - Preto;311;94.5;https://www.americanas.com.br/produto/122694792?pfm_carac=smartphone&pfm_page=search&pfm_pos=grid&pfm_type=search_page&offerId=613a24e809c351890d433379&buyboxToken=smartbuybox-acom-v2-352e48f8-9047-4685-b3cb-a6078d9d6a89-2021-10-14 11:33:53-0300;Americanas
Smartphone Motorola Edge 20 Lite 128GB 5G Wi-Fi Tela 6.7'' Dual Chip 6GB RAM Câmera Tripla + Selfie 32MP - Grafite;3;2699.1;https://www.americanas.com.br/produto/3616590395?pfm_carac=smartphone&pfm_page=search&pfm_pos=grid&pfm_type=search_page&offerId=611e455d09c351890d28657d&buyboxToken=smartbuybox-acom-v2-6b0ca9d3-b796-4a4d-ad65-7a3faf4fa4d9-2021-10-14 11:33:53-0300;Americanas
Smartphone xiaomí redmí Note 8 64 gb Tela 6.3 Azul;9;1490.0;https://www.americanas.com.br/produto/1853879782?pfm_carac=smartphone&pfm_page=search&pfm_pos=grid&pfm_type=search_page&offerId=6143927409c351890d9cae6d&buyboxToken=smartbuybox-acom-v2-adcc36cc-4aa5-40d6-a8dc-9b27837ca643-2021-10-14 11:25:46-0300;Americanas
Smartphone Samsung Galaxy S21 128GB 5G Wi-Fi Tela 6.2'' Dual Chip 8GB RAM Câmera Tripla + Selfie 10MP - Rosa;12;3978.7;https://www.americanas.com.br/produto/2810434548?pfm_carac=smartphone&pfm_page=search&pfm_pos=grid&pfm_type=search_page&offerId=6023bea30c0704426695593c&buyboxToken=smartbuybox-acom-v2-0a556ea1-3dbd-4a99-8c23-c078e1683fc5-2021-10-14 11:33:53-0300;Americanas
Smartphone Samsung Galaxy A10s 32GB 4G Wi-Fi Tela 6.2'' Dual Chip 2GB RAM Câmera Dupla + Selfie 8MP - Azul;553;918.34;https://www.americanas.com.br/produto/1265953966?pfm_carac=smartphone&pfm_page=search&pfm_pos=grid&pfm_type=search_page&offerId=60edb69252131c3c812de803&buyboxToken=smartbuybox-acom-v2-de591c35-88c9-4a82-9aa0-b758405984ca-2021-10-14 11:33:53-0300;Americanas
Smartphone Samsung Galaxy M31 128GB 4G Wi-Fi Tela 6.4'' Dual Chip 6GB RAM Câmera Quádrupla + Selfie 32MP - Azul;0;1784.05;https://www.americanas.com.br/produto/1746133387?pfm_carac=smartphone&pfm_page=search&pfm_pos=grid&pfm_type=search_page&offerId=5f0612ad79bf8430cbf13fcd;Americanas
Smartphone Motorola Moto G8 Power Lite 64GB 4G Wi-Fi Tela 6.5'' Dual Chip 4GB RAM Câmera Tripla + Selfie 8MP - Azul Navy;0;1399.0;https://www.americanas.com.br/produto/1654493140?pfm_carac=smartphone&pfm_page=search&pfm_pos=grid&pfm_type=search_page&offerId=5fb074e5762ff36719e3fb37&buyboxToken=smartbuybox-acom-v2-4e0598b8-216b-486c-97c0-bee08162a808-2021-10-14 11:27:02-0300;Americanas
Smartphone Samsung Galaxy M22 128GB 4G Wi-Fi Tela 6,4'' Dual Chip 4GB RAM Câmera Quádrupla + Selfie 13MP - Preto;0;1349.1;https://www.americanas.com.br/produto/3761102204?pfm_carac=smartphone&pfm_page=search&pfm_pos=grid&pfm_type=search_page&offerId=61548b1f09c351890d9a5c2f&buyboxToken=smartbuybox-acom-v2-a236d442-c3be-4836-bbe4-4f0d8b0d1fad-2021-10-14 11:33:53-0300;Americanas
Smartphone Samsung Galaxy A10s 32GB 4G Wi-Fi Tela 6.2'' Dual Chip 2GB RAM Câmera Dupla + Selfie 8MP - Vermelho Absurdo;102;1044.05;https://www.americanas.com.br/produto/2751078853?pfm_carac=smartphone&pfm_page=search&pfm_pos=grid&pfm_type=search_page&offerId=61114599549cd5594f8278f0&buyboxToken=smartbuybox-acom-v2-29e42ba4-a1dc-4d9f-a1e6-5160f80e1514-2021-10-14 11:33:53-0300;Americanas
Smartphone Xiaomi Redmi Note 8 2021 4G ram 64GB rom Câmera Quádrupla Selfie 13MP Tela 6.3;0;1305.86;https://www.americanas.com.br/produto/3907555645?pfm_carac=smartphone&pfm_page=search&pfm_pos=grid&pfm_type=search_page&offerId=61674b0909c351890d5f5ea6;Americanas
Smartphone Xiaomi Redmi Note 8 4/128 gb;1;1665.0;https://www.americanas.com.br/produto/3714803147?pfm_carac=smartphone&pfm_page=search&pfm_pos=grid&pfm_type=search_page&offerId=6149365b09c351890d8a3ffd;Americanas
Smartphone Samsung Galaxy A32 - Preto + Galaxy Fit2 - Preto;0;1776.67;https://www.americanas.com.br/produto/3309741333?pfm_carac=smartphone&pfm_page=search&pfm_pos=grid&pfm_type=search_page&offerId=60ad49fd52131c3c811021fa;Americanas
Smartphone Xiaomí Redmi Note 10 128gb Verde 4 Gb Ram;0;1850.0;https://www.americanas.com.br/produto/3440016057?pfm_carac=smartphone&pfm_page=search&pfm_pos=grid&pfm_type=search_page&offerId=60d0bd0a52131c3c81e4d432;Americanas
Smartphone Xiaomi Redmi Note 10 4GB ram 64GB Versão Global - Verde;3;1709.91;https://www.americanas.com.br/produto/3163702322?pfm_carac=smartphone&pfm_page=search&pfm_pos=grid&pfm_type=search_page&offerId=6133628109c351890d5251ea;Americanas
Smartphone Motorola Edge 20 Pro 256GB 5G Wi-Fi Tela 6,7'' Dual Chip 12GB RAM Câmera Tripla + Selfie 32MP - Azul;2;3851.1;https://www.americanas.com.br/produto/3616577529?pfm_carac=smartphone&pfm_page=search&pfm_pos=grid&pfm_type=search_page&offerId=611e3e7209c351890dfb7753;Americanas
Smartphone Samsung Galaxy S21+ 256GB 5G Wi-Fi Tela 6.7'' Dual Chip 8GB RAM Câmera Tripla + Selfie 10MP - Preto;6;5261.2;https://www.americanas.com.br/produto/2833430945?pfm_carac=smartphone&pfm_page=search&pfm_pos=grid&pfm_type=search_page&offerId=6023bea30c07044266955955&buyboxToken=smartbuybox-acom-v2-c280cd65-50a5-4183-b21e-1e6f8a17706b-2021-10-14 11:33:53-0300;Americanas
Smartphone Samsung Galaxy M22 128GB 4G Wi-Fi Tela 6,4'' Dual Chip 4GB RAM Câmera Quádrupla + Selfie 13MP - Branco;0;1349.1;https://www.americanas.com.br/produto/3770394000?pfm_carac=smartphone&pfm_page=search&pfm_pos=grid&pfm_type=search_page&offerId=61548e8109c351890dad218c&buyboxToken=smartbuybox-acom-v2-55abc1c1-8ff3-4ec0-8cd1-dd3b4314c47b-2021-10-14 11:33:53-0300;Americanas
Smartphone Xiaomi Redmi Note 10 4GB ram 128GB Versão Global - Branco;6;1845.0;https://www.americanas.com.br/produto/3130312774?pfm_carac=smartphone&pfm_page=search&pfm_pos=grid&pfm_type=search_page&offerId=606df9cb0c070442668eef59;Americanas
Smartphone Xiaomi Redmi 9 64GB Dual Chip Android 10 Tela 6,53 4G Câmera Quadrupla Traseira 13MP+8MP+5MP+2MP - Cinza;13;1519.99;https://www.americanas.com.br/produto/1862551981?pfm_carac=smartphone&pfm_page=search&pfm_pos=grid&pfm_type=search_page&offerId=5f8f5bd11b186381b5aab83c&buyboxToken=smartbuybox-acom-v2-ee77a630-1dec-4048-9e70-4001cf8bf9e0-2021-10-14 11:33:53-0300;Americanas
Smartphone Samsung Galaxy S21+ 128GB 5G Wi-Fi Tela 6.7'' Dual Chip 8GB RAM Câmera Tripla + Selfie 10MP - Prata;14;4839.1;https://www.americanas.com.br/produto/2826495775?pfm_carac=smartphone&pfm_page=search&pfm_pos=grid&pfm_type=search_page&offerId=6023bea40c07044266955bcc&buyboxToken=smartbuybox-acom-v2-7facdc89-a6df-4c9c-af5f-749f328bdcf4-2021-10-14 11:33:53-0300;Americanas
Smartphone LG K62+ 128GB 4G Wi-Fi Tela 6.6'' Dual Chip 4GB RAM Câmera Quádrupla + Selfie 28MP - Azul;33;1533.57;https://www.americanas.com.br/produto/2324593615?pfm_carac=smartphone&pfm_page=search&pfm_pos=grid&pfm_type=search_page&offerId=5fabf72bc5c9bbe5fc8de526&buyboxToken=smartbuybox-acom-v2-8ef1bf80-5245-4b69-89da-e2aadaa88a5c-2021-10-14 11:33:53-0300;Americanas
Smartphone Multilaser e, 32GB, 5, Android 8.1, Câmera 5MP, Dourado;2;398.3;https://www.americanas.com.br/produto/3742917483?pfm_carac=smartphone&pfm_page=search&pfm_pos=grid&pfm_type=search_page&offerId=6123dbf009c351890d42d6c1&buyboxToken=smartbuybox-acom-v2-4576380c-732e-4ce3-a92c-d4dc45e0b97e-2021-10-14 11:33:53-0300;Americanas
Smartphone Samsung Galaxy M22 128GB 4G Wi-Fi Tela 6,4'' Dual Chip 4GB RAM Câmera Quádrupla + Selfie 13MP - Azul;0;1349.1;https://www.americanas.com.br/produto/3761099607?pfm_carac=smartphone&pfm_page=search&pfm_pos=grid&pfm_type=search_page&offerId=61548bbd09c351890d9df736&buyboxToken=smartbuybox-acom-v2-36eb7cdd-be8e-4801-b158-2c427073ed6a-2021-10-14 11:33:53-0300;Americanas
"Smartphone Asus Zenfone Max Shot 3GB-32GB, Tela 6,2"", Câmera Tripla 12mp+5mp+8mp - Azul";11;781.08;https://www.americanas.com.br/produto/1329574579?pfm_carac=smartphone&pfm_page=search&pfm_pos=grid&pfm_type=search_page&offerId=60e420aa52131c3c81c52b70&buyboxToken=smartbuybox-acom-v2-3d4b9189-5671-4de7-8804-c4da8737b04d-2021-10-14 11:33:53-0300;Americanas
Smartphone Motorola Edge 20 Pro 256GB 5G Wi-Fi Tela 6.7'' Dual Chip 12GB RAM Câmera Tripla + Selfie 32MP - Branco;4;3851.1;https://www.americanas.com.br/produto/3616548576?pfm_carac=smartphone&pfm_page=search&pfm_pos=grid&pfm_type=search_page&offerId=611e3f4b09c351890d00a7f8;Americanas
Smartphone Samsung Galaxy A21s 64GB 4G Wi-Fi Tela 6.5'' Dual Chip 3GB RAM Câmera Quádrupla + Selfie 13MP - Preto;124;1655.0;https://www.americanas.com.br/produto/1735125218?pfm_carac=smartphone&pfm_page=search&pfm_pos=grid&pfm_type=search_page&offerId=611bcb6f09c351890df5a60f&buyboxToken=smartbuybox-acom-v2-08dba98e-b6cd-4a8d-9804-42658d01418f-2021-10-14 11:33:53-0300;Americanas
"Smartphone Positivo Twist 3 Fit S509C Dual Chip Android Tela 5"" Quad Core 32GB Câmera 5MP- Dourado";46;499.0;https://www.americanas.com.br/produto/1450173822?pfm_carac=smartphone&pfm_page=search&pfm_pos=grid&pfm_type=search_page&offerId=5f64aae41b186381b56e5e20&buyboxToken=smartbuybox-acom-v2-cd80cc63-82ce-4aca-a29c-ab08e983be7a-2021-10-14 11:33:53-0300;Americanas
Smartphone Motorola Moto G8 Play 32GB 4G Wi-Fi Tela 6.2'' Dual Chip 2GB RAM Câmera Tripla + Selfie 8MP - Vermelho Magenta;711;2146.8;https://www.americanas.com.br/produto/462138485?pfm_carac=smartphone&pfm_page=search&pfm_pos=grid&pfm_type=search_page&offerId=61532c7109c351890dbf6630&buyboxToken=smartbuybox-acom-v2-f3bcdc94-7733-4b04-887b-49779b100ab4-2021-10-14 11:32:14-0300;Americanas
"Smartphone Samsung Galaxy A30s 64GB Dual Chip Android 9.0 Tela 6.4"" Octa-Core 4G Câmera Tripla 25MP + 5MP + 8MP - Preto";977;2529.0;https://www.americanas.com.br/produto/360560511?pfm_carac=smartphone&pfm_page=search&pfm_pos=grid&pfm_type=search_page&offerId=5e81791479bf8430cb98dbf7&buyboxToken=smartbuybox-acom-v2-fe4f6f2b-a671-4729-a4fa-6cba5c8ca48f-2021-10-14 11:33:53-0300;Americanas
Smartphone Motorola Edge 128GB 5G Wi-Fi Tela 6.7'' Dual Chip 6GB RAM Câmera Tripla + Selfie 25MP - Solar Black;19;3704.98;https://www.americanas.com.br/produto/1778940028?pfm_carac=smartphone&pfm_page=search&pfm_pos=grid&pfm_type=search_page&offerId=60aea21552131c3c817256d1&buyboxToken=smartbuybox-acom-v2-931a847c-7bd6-4527-8632-a4aa9a47ca6e-2021-10-14 11:33:53-0300;Americanas
Smartphone Motorola One Fusion 128GB 4G Wi-Fi Tela 6.5'' Dual Chip 4GB RAM Câmera Quádrupla + Selfie 8MP - Verde Esmeralda;136;1799.45;https://www.americanas.com.br/produto/1869608418?pfm_carac=smartphone&pfm_page=search&pfm_pos=grid&pfm_type=search_page&offerId=614a0b0009c351890dc5face&buyboxToken=smartbuybox-acom-v2-c0591730-d5db-4426-a1ca-cc43dc18e521-2021-10-14 11:33:53-0300;Americanas
Usado: Celular iPhone 7 128GB Ouro Rosa Muito Bom - Trocafone;4;1360.81;https://www.americanas.com.br/produto/35712586?pfm_carac=smartphone&pfm_page=search&pfm_pos=grid&pfm_type=search_page&offerId=60a1a57d52131c3c814f0403;Americanas
Smartphone Motorola Moto G8 Power 64GB 4G Wi-Fi Tela 6.4'' Dual Chip 4GB RAM Câmera Tripla + Selfie 16MP - Preto Titanium;490;1599.0;https://www.americanas.com.br/produto/1446631173?pfm_carac=smartphone&pfm_page=search&pfm_pos=grid&pfm_type=search_page&offerId=5e60e8d679bf8430cbac549a&buyboxToken=smartbuybox-acom-v2-59916692-47e6-430b-a791-93e1f69258b1-2021-10-14 11:33:53-0300;Americanas
Smartphone Motorola Edge 20 128GB 5G Wi-Fi Tela 6.7'' Dual Chip 8GB RAM Câmera Tripla + Selfie 32MP - Preto;2;3599.1;https://www.americanas.com.br/produto/3616560639?pfm_carac=smartphone&pfm_page=search&pfm_pos=grid&pfm_type=search_page&offerId=611e3f6809c351890d017db4&buyboxToken=smartbuybox-acom-v2-f0fda5e4-f21f-447a-b70e-38cb7f0077a6-2021-10-14 11:33:53-0300;Americanas
Smartphone Realme 8 Pro 128GB 4G Wi-Fi Tela 6.4'' Dual Chip 8GB RAM Câmera Tripla + Selfie 16MP - Azul;10;2599.0;https://www.americanas.com.br/produto/3386665442?pfm_carac=smartphone&pfm_page=search&pfm_pos=grid&pfm_type=search_page&offerId=60d3983852131c3c81206d25&buyboxToken=smartbuybox-acom-v2-9acd93e1-a4e0-45e8-9e9e-bcfe47e67eab-2021-10-14 11:33:53-0300;Americanas
"Smartphone Positivo Twist 3 Pro (s533) 32GB Dual Chip Android™ Oreo ™ (Go Edition) Tela 5.7"" Quad Core 3G Câmera 8MP - Aurora";32;549.0;https://www.americanas.com.br/produto/1446550998?pfm_carac=smartphone&pfm_page=search&pfm_pos=grid&pfm_type=search_page&offerId=60a7e94b52131c3c81e2b8ad&buyboxToken=smartbuybox-acom-v2-3ecc230f-9a6a-4719-baa0-5bb12d89ff8a-2021-10-14 11:33:53-0300;Americanas
Smartphone Xiaomi Redmi Note 9 Tela 6,53 4gb/128gb 4g - branco;18;1709.91;https://www.americanas.com.br/produto/1830033653?pfm_carac=smartphone&pfm_page=search&pfm_pos=grid&pfm_type=search_page&offerId=612ed39409c351890d27524d;Americanas
"Smartphone Xiaomi Redmi 9A Verde 32GB Tela de 6.53"" 2GB 13MP";0;1039.99;https://www.americanas.com.br/produto/2069840391?pfm_carac=smartphone&pfm_page=search&pfm_pos=grid&pfm_type=search_page&offerId=5f85ae081b186381b5d61f2c&buyboxToken=smartbuybox-acom-v2-6f306b6f-8300-4271-a039-af5e05d760ee-2021-10-14 11:33:53-0300;Americanas
Smartphone Samsung Galaxy S10+ 128GB 4G Wi-Fi Tela 6.4'' Dual Chip 8GB RAM Câmera Tripla + Selfie 10MP - Azul;204;3999.0;https://www.americanas.com.br/produto/134218187?pfm_carac=smartphone&pfm_page=search&pfm_pos=grid&pfm_type=search_page&offerId=5fb070cc762ff36719dec634&buyboxToken=smartbuybox-acom-v2-84d93949-75b8-488c-9be9-f21e9c0af4f8-2021-10-14 11:33:53-0300;Americanas
Smartphone Samsung Galaxy A51 128GB 4G Wi-Fi Tela 6.5'' Dual Chip 4GB RAM Câmera Quádrupla + Selfie 32MP - Preto;376;2719.0;https://www.americanas.com.br/produto/1442622552?pfm_carac=smartphone&pfm_page=search&pfm_pos=grid&pfm_type=search_page&offerId=603904ec0c07044266513410&buyboxToken=smartbuybox-acom-v2-9c0f8f8a-d602-40cd-9c93-c7e8ba87c7c5-2021-10-14 11:33:53-0300;Americanas
Smartphone Redmi Note 10 128GB 4GB Ram - Cinza;6;1919.99;https://www.americanas.com.br/produto/3112002289?pfm_carac=smartphone&pfm_page=search&pfm_pos=grid&pfm_type=search_page&offerId=60a7e46452131c3c81db3f76&buyboxToken=smartbuybox-acom-v2-e178afa4-5e11-4e8d-ac08-b3fbfb2b64b2-2021-10-14 11:33:53-0300;Americanas
"Smartphone Samsung Galaxy A10 32GB Dual Chip Android 9.0 Tela 6.2"" Octa-Core 4G Câmera 13MP - Azul";342;2169.9;https://www.americanas.com.br/produto/134253100?pfm_carac=smartphone&pfm_page=search&pfm_pos=grid&pfm_type=search_page&offerId=5edf359779bf8430cbafb06a;Americanas
Smartphone Multilaser F Quad Core Tela 5,5 32GB, 1GB RAM;18;499.0;https://www.americanas.com.br/produto/2024940427?pfm_carac=smartphone&pfm_page=search&pfm_pos=grid&pfm_type=search_page&offerId=5f68dcca1b186381b5c375c5&buyboxToken=smartbuybox-acom-v2-a55c63f2-ddb0-41e9-b7f1-d363160929c4-2021-10-14 11:33:53-0300;Americanas
Smartphone Samsung Galaxy S20 Fe 128GB 4G Wi-Fi Tela 6.5'' Dual Chip 6GB RAM Câmera Tripla + Selfie 32MP - Cloud Mint;76;5299.99;https://www.americanas.com.br/produto/2290966401?pfm_carac=smartphone&pfm_page=search&pfm_pos=grid&pfm_type=search_page&offerId=6153069409c351890d6ddc3e&buyboxToken=smartbuybox-acom-v2-30dcb0ee-e768-4cde-ab34-579ea1da2d98-2021-10-14 11:33:53-0300;Americanas
"Smartphone Samsung Galaxy J4 Core 16GB Nano Chip Android Tela 6"" Quad-Core 1.4GHz 4G Câmera 8MP - Cobre";369;1299.0;https://www.americanas.com.br/produto/134061781?pfm_carac=smartphone&pfm_page=search&pfm_pos=grid&pfm_type=search_page&offerId=600d72210c070442668608fc&buyboxToken=smartbuybox-acom-v2-e9dac48a-9168-450c-9fdf-1dac8e8d28ad-2021-10-14 11:33:53-0300;Americanas
Smartphone Motorola Moto G8 Power 64GB 4G Wi-Fi Tela 6.4'' Dual Chip 4GB RAM Câmera Tripla + Selfie 16MP - Azul Atlântico;488;1482.32;https://www.americanas.com.br/produto/1446551000?pfm_carac=smartphone&pfm_page=search&pfm_pos=grid&pfm_type=search_page&offerId=5fca51590c07044266d4c8d6&buyboxToken=smartbuybox-acom-v2-64dfc23d-ae4f-4053-aea6-283af4c5678b-2021-10-14 11:33:53-0300;Americanas
Smartphone Motorola Edge 20 128GB 5G Wi-Fi Tela 6,7'' Dual Chip 8GB RAM Câmera Tripla + Selfie 32MP - Branco;1;3599.1;https://www.americanas.com.br/produto/3616585721?pfm_carac=smartphone&pfm_page=search&pfm_pos=grid&pfm_type=search_page&offerId=611e43f509c351890d1f6c86&buyboxToken=smartbuybox-acom-v2-011e0c57-c1ae-4382-a81f-5186e9dce7d5-2021-10-14 11:33:53-0300;Americanas
Celular Flip Vita Dual Chip Gold P9043;4;204.0;https://www.americanas.com.br/produto/2021268330?pfm_carac=smartphone&pfm_page=search&pfm_pos=grid&pfm_type=search_page&offerId=614394f809c351890dac0990&buyboxToken=smartbuybox-acom-v2-86e400a3-ac23-442f-9e32-eaaf3937315c-2021-10-14 11:33:53-0300;Americanas
Smartphone Samsung Galaxy A71 128GB 4G Wi-Fi Tela 6.7'' Dual Chip 6GB RAM Câmera Quádrupla + Selfie 32MP - Cinza;242;3405.0;https://www.americanas.com.br/produto/1803603235?pfm_carac=smartphone&pfm_page=search&pfm_pos=grid&pfm_type=search_page&offerId=615375ff09c351890d555828&buyboxToken=smartbuybox-acom-v2-af0cf0bd-8a4c-406d-98a6-79de55745cfd-2021-10-14 11:33:53-0300;Americanas
Smartphone Xiaomi Redmi Note 8 Preto - 64gb;1;1305.0;https://www.americanas.com.br/produto/1822922995?pfm_carac=smartphone&pfm_page=search&pfm_pos=grid&pfm_type=search_page&offerId=6129277209c351890db60b79;Americanas
Celular para Idosos Com Botão sos Teclas Grandes Vita iv Multilaser P9120;6;120.99;https://www.americanas.com.br/produto/2567484755?pfm_carac=smartphone&pfm_page=search&pfm_pos=grid&pfm_type=search_page&offerId=606c94ef0c070442663793e3&buyboxToken=smartbuybox-acom-v2-9093f6fb-0580-4d05-ab9e-f71bf8615516-2021-10-14 11:34:01-0300;Americanas
Smartphone Samsung Galaxy S20 Fe 128GB 4G Wi-Fi Tela 6.5'' Dual Chip 6GB RAM Câmera Tripla + Selfie 32MP - Cloud Orange;29;3118.95;https://www.americanas.com.br/produto/2290965045?pfm_carac=smartphone&pfm_page=search&pfm_pos=grid&pfm_type=search_page&offerId=60ab9f0b52131c3c815da3a5&buyboxToken=smartbuybox-acom-v2-b368d5a8-e4e6-41e6-a9ed-e417699dde46-2021-10-14 11:25:03-0300;Americanas
Smartphone Xiaomi Redmi Note 10 4GB ram 64GB Versão Global - Branco;6;1709.91;https://www.americanas.com.br/produto/3270232338?pfm_carac=smartphone&pfm_page=search&pfm_pos=grid&pfm_type=search_page&offerId=6096ae1352131c3c81331730;Americanas
Smartphone Xiaomi Redmi Note 10 4GB ram 64GB Versão Global - Cinza;1;1709.91;https://www.americanas.com.br/produto/3163713742?pfm_carac=smartphone&pfm_page=search&pfm_pos=grid&pfm_type=search_page&offerId=60e5486852131c3c81d2dd69;Americanas
Smartphone Samsung Galaxy A31 128GB 4G Wi-Fi Tela 6.4'' Dual Chip 4GB RAM Câmera Quádrupla + Selfie 20MP - Preto;173;2249.1;https://www.americanas.com.br/produto/1669977403?pfm_carac=smartphone&pfm_page=search&pfm_pos=grid&pfm_type=search_page&offerId=6168316109c351890d8d8c24&buyboxToken=smartbuybox-acom-v2-3d5cac41-5529-4e2b-9ab3-58cec75f9130-2021-10-14 11:34:01-0300;Americanas
Smartphone Samsung Galaxy S21+ 128GB 5G Wi-Fi Tela 6.7'' Dual Chip 8GB RAM Câmera Tripla + Selfie 10MP - Preto;8;4839.1;https://www.americanas.com.br/produto/2826495433?pfm_carac=smartphone&pfm_page=search&pfm_pos=grid&pfm_type=search_page&offerId=6023bea30c070442669559d8&buyboxToken=smartbuybox-acom-v2-6ffcd571-209d-4311-b675-2e7c979b8dfd-2021-10-14 11:34:01-0300;Americanas
Smartphone LG K22+ 64GB 4G Wi-Fi Tela 6.2'' Dual Chip 3GB RAM Câmera Dupla + Selfie 5MP - Titânio;190;999.0;https://www.americanas.com.br/produto/1965289509?pfm_carac=smartphone&pfm_page=search&pfm_pos=grid&pfm_type=search_page&offerId=5fbc234a762ff367198807c0&buyboxToken=smartbuybox-acom-v2-0b146504-2c77-43dc-822d-447b61b846f8-2021-10-14 11:34:01-0300;Americanas
"Smartphone Samsung Galaxy A20s Dual Chip Android 9.0 Tela 6.5"" Octa-Core 32GB 4G Câmera Tripla 13MP + 8MP + 5MP - Preto";361;1595.0;https://www.americanas.com.br/produto/1237560751?pfm_carac=smartphone&pfm_page=search&pfm_pos=grid&pfm_type=search_page&offerId=601478140c070442663b53c3&buyboxToken=smartbuybox-acom-v2-a420daea-c942-48e6-986b-e577ab282172-2021-10-14 11:34:01-0300;Americanas
Celular Nokia 110 Dual Sim 32MB Rádio Fm Câmera Vga Preto;13;134.4;https://www.americanas.com.br/produto/3232159846?pfm_carac=smartphone&pfm_page=search&pfm_pos=grid&pfm_type=search_page&offerId=60f6d1d052131c3c81042177&buyboxToken=smartbuybox-acom-v2-be729828-ee84-48cf-abc4-7fcad98a793f-2021-10-14 11:34:01-0300;Americanas
Smartphone Samsung Galaxy S20+ 128GB 4G Wi-Fi Tela 6.7'' Dual Chip 8GB RAM Câmera Quádrupla + Selfie 10MP - Cloud Blue;59;4999.0;https://www.americanas.com.br/produto/1524131271?pfm_carac=smartphone&pfm_page=search&pfm_pos=grid&pfm_type=search_page&offerId=5e6a17a679bf8430cbe2339e;Americanas
Smartphone LG K22 - Titânio - 32GB - ram 2GB - Quad Core - 4G - Câmera Dupla - Tela 6.2 - Android 10 - ouro - recer;0;615.0;https://www.americanas.com.br/produto/3462040672?pfm_carac=smartphone&pfm_page=search&pfm_pos=grid&pfm_type=search_page&offerId=612411ed09c351890dddefe4;Americanas
Smartphone LG Velvet Aurora Gray 6,8'' 4g 128gb 6gb Ram 3 Câmeras;4;1999.0;https://www.americanas.com.br/produto/2704908981?pfm_carac=smartphone&pfm_page=search&pfm_pos=grid&pfm_type=search_page&offerId=6104aed452131c3c81c5c4ac;Americanas
Smartphone Samsung Galaxy A20s Dual Chip Android 9.0 Tela 6.5 Octa-Core 32GB 4G Wi-Fi Câmera Tripla Traseira Vermelho;0;1249.99;https://www.americanas.com.br/produto/3391083130?pfm_carac=smartphone&pfm_page=search&pfm_pos=grid&pfm_type=search_page&offerId=6148ec2c09c351890d0d03f6&buyboxToken=smartbuybox-acom-v2-87eb8f8c-bcb0-4d85-bad1-48e987d9dbba-2021-10-14 11:34:01-0300;Americanas
Smartphone LG K51s 64GB 4G Wi-Fi Tela 6.5'' Dual Chip 3GB RAM Câmera Quádrupla + Selfie 13MP - Vermelho;53;1199.0;https://www.americanas.com.br/produto/1674059885?pfm_carac=smartphone&pfm_page=search&pfm_pos=grid&pfm_type=search_page&offerId=5f1197b279bf8430cb5fce47&buyboxToken=smartbuybox-acom-v2-325e4278-0cad-4588-948b-2613c747988b-2021-10-14 11:34:01-0300;Americanas
Smartphone Realme 7 Pro Mirror 128GB 4G Wi-Fi Tela 6.4'' Dual Chip 8GB RAM Câmera Tripla + Selfie 32MP - Silver;2;1989.0;https://www.americanas.com.br/produto/3191812852?pfm_carac=smartphone&pfm_page=search&pfm_pos=grid&pfm_type=search_page&offerId=6126598e09c351890d4c787b&buyboxToken=smartbuybox-acom-v2-95c43e57-cd74-4aec-9c37-4ee6a265a1e1-2021-10-14 11:34:01-0300;Americanas
Smartphone Samsung Galaxy S21+ 128GB 5G Wi-Fi Tela 6.7'' Dual Chip 8GB RAM Câmera Tripla + Selfie 10MP - Violeta;6;5176.93;https://www.americanas.com.br/produto/2810434142?pfm_carac=smartphone&pfm_page=search&pfm_pos=grid&pfm_type=search_page&offerId=6023bea30c0704426695596a&buyboxToken=smartbuybox-acom-v2-22b5bd9f-d5dd-4896-9efd-683e6fb72b45-2021-10-14 11:34:01-0300;Americanas
Smartphone Realme 7 128GB 4G Wi-Fi Tela 6.5'' Dual Chip 8GB RAM Câmera Tripla + Selfie 16MP - Mist Blue;8;1533.57;https://www.americanas.com.br/produto/3181027893?pfm_carac=smartphone&pfm_page=search&pfm_pos=grid&pfm_type=search_page&offerId=6086f5930c07044266866219&buyboxToken=smartbuybox-acom-v2-ff390eb5-92a6-4dbb-b710-308eff260d01-2021-10-14 11:34:01-0300;Americanas
"Smartphone Xiaomi Redmi Note 9 Tela 6,53"" 4gb/128gb 4g - BRANCO";1;1575.0;https://www.americanas.com.br/produto/2465185914?pfm_carac=smartphone&pfm_page=search&pfm_pos=grid&pfm_type=search_page&offerId=5fa18796c5c9bbe5fc8a456b;Americanas
"Smartphone Nokia 5.3 128GB Dual Chip Android 10 Tela 6.55"" Octa Core Câmera 13MP+5MP+2MP+2MP Frontal 8MP-  Verde Ciano";27;1538.05;https://www.americanas.com.br/produto/2219766369?pfm_carac=smartphone&pfm_page=search&pfm_pos=grid&pfm_type=search_page&offerId=6006fbcc0c07044266283cac&buyboxToken=smartbuybox-acom-v2-f5549ecf-5b29-40c7-b1db-b5c49b5b8f57-2021-10-14 11:34:01-0300;Americanas
Celular Multilaser Up Play Dual Chip Mp3 Idoso Preto/Branco;6;94.05;https://www.americanas.com.br/produto/1764340646?pfm_carac=smartphone&pfm_page=search&pfm_pos=grid&pfm_type=search_page&offerId=613125eb09c351890da90d98&buyboxToken=smartbuybox-acom-v2-12db4f06-3575-4286-88a6-75482d63d628-2021-10-14 11:34:01-0300;Americanas
Smartphone Motorola Edge 20 Lite 128GB 5G Wi-Fi Tela 6.7'' Dual Chip 6GB RAM Câmera Tripla + Selfie 32MP - Verde;0;2699.1;https://www.americanas.com.br/produto/3616586396?pfm_carac=smartphone&pfm_page=search&pfm_pos=grid&pfm_type=search_page&offerId=611e456d09c351890d28c098&buyboxToken=smartbuybox-acom-v2-0f1d8cdf-23c5-4d6c-9094-8e8658718e69-2021-10-14 11:34:01-0300;Americanas
"Smartphone Xiaomi Redmi 9a Tela 6,53"" 2gb/32gb 4g, Cinza";0;1039.99;https://www.americanas.com.br/produto/2048603919?pfm_carac=smartphone&pfm_page=search&pfm_pos=grid&pfm_type=search_page&offerId=5f5a5f981b186381b56da4ed&buyboxToken=smartbuybox-acom-v2-a0b1ff55-37ce-4488-a9ec-e7bbc5041280-2021-10-14 11:24:47-0300;Americanas
Smartphone Samsung Galaxy A32 - Azul + Galaxy Fit2 - Preto;1;1776.67;https://www.americanas.com.br/produto/3309750889?pfm_carac=smartphone&pfm_page=search&pfm_pos=grid&pfm_type=search_page&offerId=6148961409c351890d37a4a5;Americanas
Smartphone Xiaomi Redmi Note 8 - Branco 64gb;3;1349.91;https://www.americanas.com.br/produto/1853960847?pfm_carac=smartphone&pfm_page=search&pfm_pos=grid&pfm_type=search_page&offerId=610a195d52131c3c81f699a8;Americanas
Smartphone Samsung Galaxy S20 Fe 128GB 4G Wi-Fi Tela 6.5'' Dual Chip 6GB RAM Câmera Tripla + Selfie 32MP - Cloud Red;20;3118.95;https://www.americanas.com.br/produto/2290966945?pfm_carac=smartphone&pfm_page=search&pfm_pos=grid&pfm_type=search_page&offerId=60ab9f0b52131c3c815da4b9&buyboxToken=smartbuybox-acom-v2-be832873-55b2-40fe-ba8c-29f0c376d00d-2021-10-14 11:25:03-0300;Americanas
Celular Positivo 32MB Dual Chip Bluetooth 2.0 P50;3;219.0;https://www.americanas.com.br/produto/2033257662?pfm_carac=smartphone&pfm_page=search&pfm_pos=grid&pfm_type=search_page&offerId=5fc2b683762ff36719538198&buyboxToken=smartbuybox-acom-v2-2ec968b4-8705-4845-91f9-b33eb96189a0-2021-10-14 11:34:01-0300;Americanas
Smartphone Xiaomi Redmi Note 10 6GB ram 128GB Versão Global - Verde;2;2061.0;https://www.americanas.com.br/produto/3204898676?pfm_carac=smartphone&pfm_page=search&pfm_pos=grid&pfm_type=search_page&offerId=6081b8120c0704426651bf68;Americanas
Smartphone LG Velvet Illusion Sunset 6,8'' 4g 128gb 6gb Ram 3 Câmeras;3;1999.0;https://www.americanas.com.br/produto/2704911865?pfm_carac=smartphone&pfm_page=search&pfm_pos=grid&pfm_type=search_page&offerId=6104aed352131c3c81c5c261;Americanas
"Smartphone Positivo Twist 3 Fit S509C Dual Chip Android Tela 5"" Quad Core 32GB Câmera 5MP- Grafite";56;499.0;https://www.americanas.com.br/produto/1443253381?pfm_carac=smartphone&pfm_page=search&pfm_pos=grid&pfm_type=search_page&offerId=5f64aae31b186381b56e530c&buyboxToken=smartbuybox-acom-v2-4274e83d-e63a-407b-b74c-71ca93d1ae7a-2021-10-14 11:25:33-0300;Americanas
Smartphone Philco Hit Max PCS02DB 128GB 4G Wi-Fi Tela 6'' Dual Chip 4GB RAM Câmera Dupla + Selfie 8MP - Dark Black;2;809.1;https://www.americanas.com.br/produto/3534332430?pfm_carac=smartphone&pfm_page=search&pfm_pos=grid&pfm_type=search_page&offerId=611bce6309c351890dfb2319;Americanas
Smartphone Samsung Galaxy S21+ 256GB 5G Wi-Fi Tela 6.7'' Dual Chip 8GB RAM Câmera Tripla + Selfie 10MP - Violeta;4;5261.2;https://www.americanas.com.br/produto/2810434450?pfm_carac=smartphone&pfm_page=search&pfm_pos=grid&pfm_type=search_page&offerId=6023bea30c07044266955859&buyboxToken=smartbuybox-acom-v2-bd3fcf7b-e98f-4909-a2bc-2c46edf3d38e-2021-10-14 11:34:01-0300;Americanas
"Smartphone Motorola Moto E6 Play 32GB Dual Chip Android 9 Tela 5.5"" MT6739 4G Câmera 13MP - Cinza Metálico";137;769.9;https://www.americanas.com.br/produto/1230227796?pfm_carac=smartphone&pfm_page=search&pfm_pos=grid&pfm_type=search_page&offerId=610d3c4752131c3c817ca8df;Americanas
Smartphone LG K71 128GB 4G Wi-Fi Tela 6.8'' Dual Chip 4GB RAM Câmera Quádrupla + Selfie 32MP - Branco;8;1709.05;https://www.americanas.com.br/produto/2085259256?pfm_carac=smartphone&pfm_page=search&pfm_pos=grid&pfm_type=search_page&offerId=6074475f0c07044266494654&buyboxToken=smartbuybox-acom-v2-d076a9ac-8348-46be-9fc6-4f4de18b5d78-2021-10-14 11:34:01-0300;Americanas
Smartphone Motorola Moto E6s 32GB 4G Wi-Fi Tela 6.1'' Dual Chip 2GB RAM Câmera Dupla + Selfie 5MP - Azul Navy;27;768.55;https://www.americanas.com.br/produto/1650218280?pfm_carac=smartphone&pfm_page=search&pfm_pos=grid&pfm_type=search_page&offerId=5ed10cf879bf8430cb5794ae&buyboxToken=smartbuybox-acom-v2-d1ca93be-cfc0-4db0-adf7-a8d7edbfce5f-2021-10-14 11:34:01-0300;Americanas
Smartphone Asus Zenfone 8 Flip 128GB 8GB Ram Preto;1;6331.37;https://www.americanas.com.br/produto/3559531814?pfm_carac=smartphone&pfm_page=search&pfm_pos=grid&pfm_type=search_page&offerId=60f2d15752131c3c81bff514;Americanas
Smartphone Xiaomi Redmi 9 64GB Dual Chip Android 10 Tela 6,53 4G Câmera Quadrupla Traseira 13MP+8MP+5MP+2MP - Verde;6;1305.0;https://www.americanas.com.br/produto/1854257491?pfm_carac=smartphone&pfm_page=search&pfm_pos=grid&pfm_type=search_page&offerId=5f5247b2cc79e88b8678fbb6;Americanas
Usado: Celular iPhone 7 128GB Preto Matte Muito Bom - Trocafone;17;1360.81;https://www.americanas.com.br/produto/39937263?pfm_carac=smartphone&pfm_page=search&pfm_pos=grid&pfm_type=search_page&offerId=6094227652131c3c81c6f442;Americanas
"Smartphone Samsung Galaxy A10 32GB Dual Chip Android 9.0 Tela 6.2"" Octa-Core 4G Câmera 13MP - Vermelho";548;2169.9;https://www.americanas.com.br/produto/134254006?pfm_carac=smartphone&pfm_page=search&pfm_pos=grid&pfm_type=search_page&offerId=5e5cea7d79bf8430cb6464c3&buyboxToken=smartbuybox-acom-v2-33bc4dc2-f69f-4997-b6c7-d9973b696162-2021-10-14 11:34:01-0300;Americanas
Smartphone Xiaomi Redmi 9 64GB 4G ram Tela 6,53 Câmera Quádrupla Traseira 13MP + 8MP + 5MP + 2MP Bateria 5020mAh Roxo;4;1305.0;https://www.americanas.com.br/produto/2446297021?pfm_carac=smartphone&pfm_page=search&pfm_pos=grid&pfm_type=search_page&offerId=5fda9c1f0c070442665b1606;Americanas
Smartphone Multilaser e, 32G, 5, Android 8.1, Câmera 5 mp, Preto;0;398.3;https://www.americanas.com.br/produto/3655055731?pfm_carac=smartphone&pfm_page=search&pfm_pos=grid&pfm_type=search_page&offerId=61118c5f549cd5594f64c822;Americanas
Smartphone Asus Zenfone Max Shot 32GB 12MP Tela 6.26 Vermelho + Cartão de Memória;0;781.08;https://www.americanas.com.br/produto/3556793501?pfm_carac=smartphone&pfm_page=search&pfm_pos=grid&pfm_type=search_page&offerId=60f2136852131c3c81e65646;Americanas
Smartphone Motorola Moto G10 Power 64GB 4G Wi-fi Tela 6.5'' Dual Chip 4GB ram Câmera Quádrupla + Selfie 8MP - Breeze Blue (Azul);4;1248.5;https://www.americanas.com.br/produto/3427618601?pfm_carac=smartphone&pfm_page=search&pfm_pos=grid&pfm_type=search_page&offerId=60d617b952131c3c81c9fc39;Americanas
"Smartphone LG K40s 32GB Dual Chip Android 9 Tela 6.1"" Octa Core 2.0GHz 4G Câmera 13+5MP - Preto";441;949.0;https://www.americanas.com.br/produto/1214329506?pfm_carac=smartphone&pfm_page=search&pfm_pos=grid&pfm_type=search_page&offerId=5e6f900179bf8430cb524419;Americanas
"Smartphone Nokia 5.3 128GB Dual Chip Android Tela 6.55"" Octa Core 4G Câmera 13MP+5MP+2MP+2MP - Carvão";10;1399.9;https://www.americanas.com.br/produto/2205323313?pfm_carac=smartphone&pfm_page=search&pfm_pos=grid&pfm_type=search_page&offerId=5ff3217f0c07044266337813;Americanas
Smartphone Multilaser F P9131 32GB Dual Chip Tela 5.5 Câmera 5MP Frontal 5MP Android 9 Dourado;1;451.1;https://www.americanas.com.br/produto/2020789539?pfm_carac=smartphone&pfm_page=search&pfm_pos=grid&pfm_type=search_page&offerId=611d468009c351890d64a222;Americanas
Smartphone Samsung Galaxy J7 Prime Rosa 5,5 Câmera de 13MP 32GB Octa Core e 3GB de ram;0;1318.8;https://www.americanas.com.br/produto/23586116?pfm_carac=smartphone&pfm_page=search&pfm_pos=grid&pfm_type=search_page&offerId=6143e59709c351890d625ba8;Americanas
"Smartphone LG K8+ 16GB Dual Chip Android 7.0 Pie Tela 5.4"" 4G Câmera 8MP - Azul";66;749.0;https://www.americanas.com.br/produto/1774767897?pfm_carac=smartphone&pfm_page=search&pfm_pos=grid&pfm_type=search_page&offerId=5f2020b079bf8430cbe541d1;Americanas
"Smartphone LG K11+ 32GB Dual Chip Android 7.1.2 Tela 5.3"" Octa Core 1.5 Ghz 4G Câmera 13MP - Preto";163;649.0;https://www.americanas.com.br/produto/133689788?pfm_carac=smartphone&pfm_page=search&pfm_pos=grid&pfm_type=search_page&offerId=61014fb952131c3c81539a24&buyboxToken=smartbuybox-acom-v2-d7c6ea5e-5cc0-4abc-83f0-3f7625480c97-2021-10-14 11:34:01-0300;Americanas
Smartphone Xiaomi Redmi Note 9, 6,5, 64 gb, Octa-Core, Câmera Quádrupla, Cinza;1;1215.0;https://www.americanas.com.br/produto/2487569249?pfm_carac=smartphone&pfm_page=search&pfm_pos=grid&pfm_type=search_page&offerId=61119f7c549cd5594fa44dda;Americanas
Smartphone LG K22+ 64GB 4G Wi-Fi Tela 6.2'' Dual Chip 3GB RAM Câmera Dupla + Selfie 5MP - Azul;26;999.0;https://www.americanas.com.br/produto/1965288389?pfm_carac=smartphone&pfm_page=search&pfm_pos=grid&pfm_type=search_page&offerId=5fe0fbd50c07044266b46de8;Americanas
