Descrição;TotalReviews;Preço;Url;Loja
Geladeira / Refrigerador Brastemp Duplex BRM44 Frost Free 375 Litros - Branco;585;2499.99;https://www.americanas.com.br/produto/133257344?pfm_carac=geladeira&pfm_page=search&pfm_pos=grid&pfm_type=search_page&offerId=5b19405e172743a0f5a07a29&buyboxToken=smartbuybox-acom-v2-a32ed8f0-63c8-4400-b1c5-f46a32125915-2021-10-15 12:08:08-0300;Americanas
Geladeira Brastemp BRM44HK Frost Free Duplex 375L com Compartimento Extrafrio Fresh Zone Inox;584;2899.99;https://www.americanas.com.br/produto/133605724?pfm_carac=geladeira&pfm_page=search&pfm_pos=grid&pfm_type=search_page&offerId=5b168f2e172743a0f54da064&buyboxToken=smartbuybox-acom-v2-257e98fc-a52c-4b34-abf2-9437d883bb22-2021-10-15 12:03:12-0300;Americanas
Geladeira/Refrigerador Electrolux DC35A Branca 260L Cycle Defrost;253;1789.99;https://www.americanas.com.br/produto/111957454?pfm_carac=geladeira&pfm_page=search&pfm_pos=grid&pfm_type=search_page&offerId=5fc4f9c4762ff36719fb861e&buyboxToken=smartbuybox-acom-v2-fdc12ad8-ec82-4662-909d-d1a8757fa859-2021-10-15 12:02:24-0300;Americanas
Refrigerador Electrolux 1 Porta RE31 240 Litros Branco;150;1368.99;https://www.americanas.com.br/produto/111957489?pfm_carac=geladeira&pfm_page=search&pfm_pos=grid&pfm_type=search_page&offerId=615f10df09c351890de83a95&buyboxToken=smartbuybox-acom-v2-9b95cc31-17a5-400b-b1fe-dd3bc06b8c1c-2021-10-15 12:08:08-0300;Americanas
Geladeira/Refrigerador Electrolux French Door DM84X 579 Litros - Inox;293;6199.99;https://www.americanas.com.br/produto/133233166?pfm_carac=geladeira&pfm_page=search&pfm_pos=grid&pfm_type=search_page&offerId=5b564829172743a0f5f3f1aa&buyboxToken=smartbuybox-acom-v2-42771bfb-5917-42ad-9e46-592bbb2354d8-2021-10-15 12:08:08-0300;Americanas
Geladeira/Refrigerador Electrolux Duplex TW42S Top Freezer com Dispenser De Água 382L Inox;448;2975.06;https://www.americanas.com.br/produto/1371035907?pfm_carac=geladeira&pfm_page=search&pfm_pos=grid&pfm_type=search_page&offerId=5e2f5b0e1729c3bbf12e0c2e&buyboxToken=smartbuybox-acom-v2-69199cf2-dd28-44b3-9801-7c731ed43c44-2021-10-15 12:08:08-0300;Americanas
"Geladeira Consul Frost Free Duplex CRM56 450L Espaço Flex 
 Branca com Painel Eletrônico Externo";59;3198.0;https://www.americanas.com.br/produto/3144925707?pfm_carac=geladeira&pfm_page=search&pfm_pos=grid&pfm_type=search_page&offerId=6093fb4452131c3c81894d0f&buyboxToken=smartbuybox-acom-v2-0e99cc79-0d9e-47b8-9cc1-b6d73fa6d16f-2021-10-15 12:06:15-0300;Americanas
Geladeira Consul Cycle Defrost Duplex CRD37EB 334 litros com Freezer Supercapacidade - Branca;0;1799.98;https://www.americanas.com.br/produto/110267814?pfm_carac=geladeira&pfm_page=search&pfm_pos=grid&pfm_type=search_page&offerId=5e8f279379bf8430cba511b5&buyboxToken=smartbuybox-acom-v2-8275ffc2-681a-416a-be43-d978390fc3eb-2021-10-15 12:08:08-0300;Americanas
Geladeira Electrolux Tf39 Frost Free 2 Portas 310l;64;2199.0;https://www.americanas.com.br/produto/1210547063?pfm_carac=geladeira&pfm_page=search&pfm_pos=grid&pfm_type=search_page&offerId=5f465463cc79e88b865bfbdc&buyboxToken=smartbuybox-acom-v2-a580a634-cd54-47f4-b882-90c82b06b2ff-2021-10-15 12:02:48-0300;Americanas
Geladeira/Refrigerador Electrolux Duplex DFN41 Frost Free 371L Branca;128;2488.77;https://www.americanas.com.br/produto/1808805784?pfm_carac=geladeira&pfm_page=search&pfm_pos=grid&pfm_type=search_page&offerId=5f08c94379bf8430cb4b5420&buyboxToken=smartbuybox-acom-v2-b5131798-2bd5-4d7f-985a-13a378911220-2021-10-15 12:06:15-0300;Americanas
Geladeira Brastemp BRO80AK Frost Free 540L com Ice Maker Side Inverse Inox;418;5899.99;https://www.americanas.com.br/produto/117966044?pfm_carac=geladeira&pfm_page=search&pfm_pos=grid&pfm_type=search_page&offerId=5972ab071f09073c7e42f0a7&buyboxToken=smartbuybox-acom-v2-3c9eedc3-3025-49ce-9765-3de0d53d920a-2021-10-15 12:08:08-0300;Americanas
Geladeira Panasonic NR-BB53GV3BA 2 Portas 425L Black Glass;0;3999.9;https://www.americanas.com.br/produto/1847305133?pfm_carac=geladeira&pfm_page=search&pfm_pos=grid&pfm_type=search_page&offerId=616895d709c351890d39a18d&buyboxToken=smartbuybox-acom-v2-6a6c249f-0b80-4643-8402-6e2e068b4afa-2021-10-15 12:08:08-0300;Americanas
Geladeira Consul Frost Free Duplex CRM50 410L Espaço Flex Branca com Controle Interno de Temperatura;25;2898.99;https://www.americanas.com.br/produto/3154707480?pfm_carac=geladeira&pfm_page=search&pfm_pos=grid&pfm_type=search_page&offerId=6093f51052131c3c81808726&buyboxToken=smartbuybox-acom-v2-5f542dd8-3d26-424c-8530-f9c7a4c544e5-2021-10-15 12:08:08-0300;Americanas
Geladeira Brastemp Frost Free 443 litros - BRE57 Inox;128;4299.99;https://www.americanas.com.br/produto/132717231?pfm_carac=geladeira&pfm_page=search&pfm_pos=grid&pfm_type=search_page&offerId=5efb654b79bf8430cb8886ec&buyboxToken=smartbuybox-acom-v2-8d351a85-c47e-4857-ae45-27419fb7e668-2021-10-15 12:00:34-0300;Americanas
Geladeira/Refrigerador Electrolux Duplex DF44S Frost Free Top Freezer 402 litros Inox;138;3399.99;https://www.americanas.com.br/produto/1229165111?pfm_carac=geladeira&pfm_page=search&pfm_pos=grid&pfm_type=search_page&offerId=5dc4d1c70b100146c4dfa6a6&buyboxToken=smartbuybox-acom-v2-c0bfaf26-cf75-4fb3-a23c-9da9f7308843-2021-10-15 12:08:08-0300;Americanas
Geladeira/Refrigerador Consul Duplex Frost Free CRM39 340 Litros - Branca;194;2498.0;https://www.americanas.com.br/produto/134567168?pfm_carac=geladeira&pfm_page=search&pfm_pos=grid&pfm_type=search_page&offerId=5d5bffc5f216c95bdea4181e&buyboxToken=smartbuybox-acom-v2-36de67a0-6de2-43e6-8358-da581631a0a8-2021-10-15 12:06:15-0300;Americanas
Geladeira Brastemp Frost Free 400 litros - BRM54 Inox;132;3548.99;https://www.americanas.com.br/produto/132717185?pfm_carac=geladeira&pfm_page=search&pfm_pos=grid&pfm_type=search_page&offerId=5b314e91172743a0f56a5e4c&buyboxToken=smartbuybox-acom-v2-0477482f-d649-486a-b52c-b881c0e1b08e-2021-10-15 12:08:08-0300;Americanas
Geladeira / Refrigerador Consul Frost Free Facilite CRB39 342 litros;161;1678.99;https://www.americanas.com.br/produto/5091194?pfm_carac=geladeira&pfm_page=search&pfm_pos=grid&pfm_type=search_page&offerId=607942560c07044266b7bc39&buyboxToken=smartbuybox-acom-v2-0993766e-d596-474d-8e4b-311dfc9b75d4-2021-10-15 12:00:34-0300;Americanas
Geladeira/Refrigerador Frost Free cor Inox 310L Electrolux (TF39S);129;2499.0;https://www.americanas.com.br/produto/454467684?pfm_carac=geladeira&pfm_page=search&pfm_pos=grid&pfm_type=search_page&offerId=5f65a7161b186381b5e1fc4c&buyboxToken=smartbuybox-acom-v2-34145fc7-b181-42e0-95bc-8b9bdbcff93b-2021-10-15 12:08:08-0300;Americanas
Geladeira Consul Frost Free Duplex CRM56 450L Espaço Flex Inox com Painel Eletrônico Externo;39;3498.99;https://www.americanas.com.br/produto/3144924587?pfm_carac=geladeira&pfm_page=search&pfm_pos=grid&pfm_type=search_page&offerId=6093f5d252131c3c8181b25a&buyboxToken=smartbuybox-acom-v2-b4949735-68d6-41c1-977c-790847b7df04-2021-10-15 12:03:12-0300;Americanas
Geladeira Panasonic Frost Free 387L Aço Escovado - NR-BT40BD1X;15;2609.1;https://www.americanas.com.br/produto/2134988510?pfm_carac=geladeira&pfm_page=search&pfm_pos=grid&pfm_type=search_page&offerId=6155f36809c351890dac19dc&buyboxToken=smartbuybox-acom-v2-9df6338f-d1d5-47f0-a338-92da83d5ac38-2021-10-15 12:08:08-0300;Americanas
Geladeira/Refrigerador Electrolux Frost Free DFX41 Inox 371L;41;2822.34;https://www.americanas.com.br/produto/1808805645?pfm_carac=geladeira&pfm_page=search&pfm_pos=grid&pfm_type=search_page&offerId=5f08c94279bf8430cb4b4fc5&buyboxToken=smartbuybox-acom-v2-0713f75f-1b8b-4ea9-b719-10683a1ff1f1-2021-10-15 12:08:08-0300;Americanas
Geladeira Panasonic Frost Free NR-BT50BD3X 435L Aço Escovado;19;3044.99;https://www.americanas.com.br/produto/1832445491?pfm_carac=geladeira&pfm_page=search&pfm_pos=grid&pfm_type=search_page&offerId=5f3d5bc6cc79e88b862a5de5&buyboxToken=smartbuybox-acom-v2-ff3e80b2-3830-4c5e-af19-b2f4d1a7377d-2021-10-15 12:08:08-0300;Americanas
Geladeira / Refrigerador Consul  Degelo Seco 261 litros CRA30;100;1398.99;https://www.americanas.com.br/produto/108770509?pfm_carac=geladeira&pfm_page=search&pfm_pos=grid&pfm_type=search_page&offerId=60793f240c07044266b31358&buyboxToken=smartbuybox-acom-v2-0dd4e799-2c10-4828-8027-789500a1a625-2021-10-15 12:08:08-0300;Americanas
Geladeira Brastemp Frost Free 462 litros - BRM56 Inox;47;4306.72;https://www.americanas.com.br/produto/132718911?pfm_carac=geladeira&pfm_page=search&pfm_pos=grid&pfm_type=search_page&offerId=5f18435f79bf8430cbba7a76&buyboxToken=smartbuybox-acom-v2-acbc5479-c16a-4425-b190-7df788fb7517-2021-10-15 12:08:08-0300;Americanas
Geladeira/Refrigerador Brastemp Frost Free BRM45 375 Litros - Inox;244;3055.19;https://www.americanas.com.br/produto/133567705?pfm_carac=geladeira&pfm_page=search&pfm_pos=grid&pfm_type=search_page&offerId=5f73b3c81b186381b5dcb03a&buyboxToken=smartbuybox-acom-v2-96051f6e-b76f-4c2c-aa26-6073971cf173-2021-10-15 12:08:08-0300;Americanas
Geladeira/Refrigerador Electrolux Duplex TF55S Top Freezer 431L Platinum;57;3509.99;https://www.americanas.com.br/produto/1808805661?pfm_carac=geladeira&pfm_page=search&pfm_pos=grid&pfm_type=search_page&offerId=5f08c94079bf8430cb4b4a11&buyboxToken=smartbuybox-acom-v2-3e29e29e-853a-46fc-ac8f-1fa28b177027-2021-10-15 12:02:19-0300;Americanas
Geladeira/Refrigerador Electrolux Frost Free Bottom Freezer 454 Litros DB53X;56;4199.99;https://www.americanas.com.br/produto/2854753428?pfm_carac=geladeira&pfm_page=search&pfm_pos=grid&pfm_type=search_page&offerId=6040f83f0c0704426635fa3d&buyboxToken=smartbuybox-acom-v2-a65542dc-a49b-46fc-9091-fe3dc07bc963-2021-10-15 12:02:19-0300;Americanas
Geladeria/Refrigerador Consul Duplex CRE44 Frost Free com Freezer Embaixo 397 litros Evox;118;3748.0;https://www.americanas.com.br/produto/134545663?pfm_carac=geladeira&pfm_page=search&pfm_pos=grid&pfm_type=search_page&offerId=5d728bb0f216c95bde33aba2&buyboxToken=smartbuybox-acom-v2-55bc5135-affb-4d4a-9a52-d3e0add84012-2021-10-15 12:00:34-0300;Americanas
Geladeira/Refrigerador Samsung Side by Side RS50N3413S8 Inox Look 501L;12;7699.99;https://www.americanas.com.br/produto/1489721419?pfm_carac=geladeira&pfm_page=search&pfm_pos=grid&pfm_type=search_page&offerId=5e4ae1ca79bf8430cb6070a6&buyboxToken=smartbuybox-acom-v2-4431d45a-8dcf-4385-8bc5-16d1ca54d5a2-2021-10-15 12:07:55-0300;Americanas
Geladeira/Refrigerador Philco French Door PRF500I Inox 482L;2;5299.99;https://www.americanas.com.br/produto/1768176708?pfm_carac=geladeira&pfm_page=search&pfm_pos=grid&pfm_type=search_page&offerId=5f08add779bf8430cb16c081&buyboxToken=smartbuybox-acom-v2-05bf1466-77c0-4574-a8ab-3433f2b919ee-2021-10-15 12:08:08-0300;Americanas
Geladeira/Refrigerador Electrolux Duplex TF55 Top Freezer 431L Branca;94;3039.78;https://www.americanas.com.br/produto/1808805725?pfm_carac=geladeira&pfm_page=search&pfm_pos=grid&pfm_type=search_page&offerId=5f08c94579bf8430cb4b5cd5&buyboxToken=smartbuybox-acom-v2-eab44679-aa0d-4dae-8a96-3ab18f235cab-2021-10-15 12:02:19-0300;Americanas
Geladeira 382L Frost Free 2 Portas Electrolux 220v;0;2799.0;https://www.americanas.com.br/produto/1898771249?pfm_carac=geladeira&pfm_page=search&pfm_pos=grid&pfm_type=search_page&offerId=5f3436d976454e40cabce44a&buyboxToken=smartbuybox-acom-v2-6a314cdf-035b-4ca3-84dc-063b5782cb24-2021-10-15 12:02:48-0300;Americanas
Geladeira Panasonic Frost Free 425L Aço Escovado - NR-BB53PV3X;26;4058.99;https://www.americanas.com.br/produto/1832445037?pfm_carac=geladeira&pfm_page=search&pfm_pos=grid&pfm_type=search_page&offerId=5f3d5bc6cc79e88b862a5da7&buyboxToken=smartbuybox-acom-v2-697ae274-ea57-4b5e-a08b-8484179a7e01-2021-10-15 12:08:08-0300;Americanas
Geladeira Panasonic Frost Free 387L Branco - NR-BT40BD1W;43;2639.99;https://www.americanas.com.br/produto/1832445011?pfm_carac=geladeira&pfm_page=search&pfm_pos=grid&pfm_type=search_page&offerId=5f3d5bc6cc79e88b862a5d5b&buyboxToken=smartbuybox-acom-v2-c0bc462f-dbfa-44be-826f-a019aedd1655-2021-10-15 12:08:08-0300;Americanas
Geladeira/Refrigerador Continental TC41 Branca 370L Frost Free;27;2474.99;https://www.americanas.com.br/produto/1661588833?pfm_carac=geladeira&pfm_page=search&pfm_pos=grid&pfm_type=search_page&offerId=5ea8732279bf8430cbb44405&buyboxToken=smartbuybox-acom-v2-9f32d792-b12b-4271-a9f7-1a26cc528c13-2021-10-15 12:00:34-0300;Americanas
Geladeira / Refrigerador Electrolux Frost Free Bottom Freezer DB84X 598 Litros - Inox;55;5199.0;https://www.americanas.com.br/produto/133234986?pfm_carac=geladeira&pfm_page=search&pfm_pos=grid&pfm_type=search_page&offerId=5d41cf2ef216c95bde4326db&buyboxToken=smartbuybox-acom-v2-5ee8dcb6-59ef-47f0-b888-f4246397b653-2021-10-15 12:02:24-0300;Americanas
Geladeira/Refrigerador Electrolux DC51X Cycle Defrost 475 Litros - Inox;98;3298.99;https://www.americanas.com.br/produto/118075622?pfm_carac=geladeira&pfm_page=search&pfm_pos=grid&pfm_type=search_page&offerId=5a1d29511f09073c7e617be8&buyboxToken=smartbuybox-acom-v2-e01ece99-9b82-4440-97c0-102343597669-2021-10-15 12:08:08-0300;Americanas
Geladeira/Refrigerador Electrolux Duplex IF55S Frost Free Inverter Top Freezer 431L Platinum;0;3798.99;https://www.americanas.com.br/produto/1210745852?pfm_carac=geladeira&pfm_page=search&pfm_pos=grid&pfm_type=search_page&offerId=5db2f19660de01a83e06f79e&buyboxToken=smartbuybox-acom-v2-cd26acfc-a526-4c6d-9e16-569cb2d02406-2021-10-15 12:08:08-0300;Americanas
Geladeira/Refrigerador Brastemp Frost Free 375 Litros BRM45 - Branca;128;2948.0;https://www.americanas.com.br/produto/133605812?pfm_carac=geladeira&pfm_page=search&pfm_pos=grid&pfm_type=search_page&offerId=5b19405d172743a0f5a076ed&buyboxToken=smartbuybox-acom-v2-777152b1-d45c-4450-9c74-75ea7e618588-2021-10-15 12:08:08-0300;Americanas
Geladeira/Refrigerador Consul Frost Free CRB39AK 342L - Evox;70;2047.57;https://www.americanas.com.br/produto/130027877?pfm_carac=geladeira&pfm_page=search&pfm_pos=grid&pfm_type=search_page&offerId=6156fab709c351890d3e225d&buyboxToken=smartbuybox-acom-v2-d00ed038-548c-4bcb-a6ce-14f6a4e7b64d-2021-10-15 12:08:08-0300;Americanas
Geladeira/Refrigerador Consul Duplex Frost Free 340 litros CRM39 Evox;63;2698.0;https://www.americanas.com.br/produto/134571811?pfm_carac=geladeira&pfm_page=search&pfm_pos=grid&pfm_type=search_page&offerId=5d5f0bbcf216c95bdec1e69e&buyboxToken=smartbuybox-acom-v2-39e0573a-4b6c-4839-b3b6-d54609800a6e-2021-10-15 12:08:08-0300;Americanas
Geladeira Brastemp Frost Free 400 litros - BRM54 Branco;84;3197.75;https://www.americanas.com.br/produto/132718727?pfm_carac=geladeira&pfm_page=search&pfm_pos=grid&pfm_type=search_page&offerId=6143fcdb09c351890dc1848b&buyboxToken=smartbuybox-acom-v2-ee56bbc2-ea97-48ff-8717-c33359a49286-2021-10-15 12:08:08-0300;Americanas
Geladeira/Refrigerador Electrolux Frost Free 2 Portas TF56S 474 Litros Platinum;45;3448.99;https://www.americanas.com.br/produto/81988514?pfm_carac=geladeira&pfm_page=search&pfm_pos=grid&pfm_type=search_page&offerId=5e4559ca79bf8430cb7b7439&buyboxToken=smartbuybox-acom-v2-1802478f-eea8-49bc-be9c-7311218b3126-2021-10-15 12:02:24-0300;Americanas
Geladeira/Refrigerador Electrolux Frost Free Bottom Freezer 454 Litros DB53;29;3699.99;https://www.americanas.com.br/produto/2854754404?pfm_carac=geladeira&pfm_page=search&pfm_pos=grid&pfm_type=search_page&offerId=6040f8b70c070442663696ca&buyboxToken=smartbuybox-acom-v2-ddfb7906-1e30-47f1-99ad-e939aa59096f-2021-10-15 12:06:03-0300;Americanas
Refrigerador Panasonic BT40 387L 2 Portas Aço Escovado Frost Free NR-BT40BD1X;0;2358.99;https://www.americanas.com.br/produto/3942560562?pfm_carac=geladeira&pfm_page=search&pfm_pos=grid&pfm_type=search_page&offerId=6148d23c09c351890da2a358;Americanas
Geladeira Consul CRB39AB Frost Free 342L;2;1975.05;https://www.americanas.com.br/produto/3575493694?pfm_carac=geladeira&pfm_page=search&pfm_pos=grid&pfm_type=search_page&offerId=60f71aa452131c3c819336a5&buyboxToken=smartbuybox-acom-v2-0c815956-5041-4a80-b0ef-59ff50c40fc3-2021-10-15 12:08:08-0300;Americanas
Geladeira Consul Frost Free Duplex CRM50 410L Espaço Flex Inox com Controle Interno de Temperatura;5;3148.0;https://www.americanas.com.br/produto/3144925483?pfm_carac=geladeira&pfm_page=search&pfm_pos=grid&pfm_type=search_page&offerId=6093f53152131c3c8180beb8&buyboxToken=smartbuybox-acom-v2-13415640-1d2a-4e4b-b1b0-21e786858ca4-2021-10-15 12:03:12-0300;Americanas
Geladeira / Refrigerador Brastemp Inverse Frost Free BRE80AK 573 Litros Evox;126;5417.14;https://www.americanas.com.br/produto/124738331?pfm_carac=geladeira&pfm_page=search&pfm_pos=grid&pfm_type=search_page&offerId=6156fa7b09c351890d3dbad3&buyboxToken=smartbuybox-acom-v2-0b46a1ff-ad28-4e5c-988f-d049427db3a0-2021-10-15 12:08:08-0300;Americanas
Geladeira Top Freezer 382l Branco (tf42);7;2592.5;https://www.americanas.com.br/produto/1967090085?pfm_carac=geladeira&pfm_page=search&pfm_pos=grid&pfm_type=search_page&offerId=5be4b61c172743a0f5802546&buyboxToken=smartbuybox-acom-v2-64158fdb-6909-4adf-9b03-0263b41fa779-2021-10-15 11:59:23-0300;Americanas
Geladeira / Refrigerador Electrolux Duplex IF55  Frost Free Inverter Top Freezer 431L Branco;78;3648.28;https://www.americanas.com.br/produto/262974569?pfm_carac=geladeira&pfm_page=search&pfm_pos=grid&pfm_type=search_page&offerId=5d9f495d752195a97275ec9c&buyboxToken=smartbuybox-acom-v2-0e175710-5445-4da6-a4f2-cd5fb0ef70d2-2021-10-15 12:08:20-0300;Americanas
Geladeira Panasonic Frost Free NR-BT50BD3W 435L Branco;20;2731.68;https://www.americanas.com.br/produto/1853882973?pfm_carac=geladeira&pfm_page=search&pfm_pos=grid&pfm_type=search_page&offerId=60ec89fd52131c3c81e2c1f6&buyboxToken=smartbuybox-acom-v2-baafcc22-eda9-4d60-98d6-46f7eb51f250-2021-10-15 12:08:20-0300;Americanas
Geladeira Panasonic Frost Free 483L NR-BT55PV2X Aço Escovado;33;3522.8;https://www.americanas.com.br/produto/2134990564?pfm_carac=geladeira&pfm_page=search&pfm_pos=grid&pfm_type=search_page&offerId=5fa46af5c5c9bbe5fc953525&buyboxToken=smartbuybox-acom-v2-ca22b94a-d4b3-4749-ae16-05efc3c93aed-2021-10-15 12:08:20-0300;Americanas
Geladeira Refrigerador Esmaltec 276L Duplex Inox RCD34 Cinza - 127v;4;1889.1;https://www.americanas.com.br/produto/1673268116?pfm_carac=geladeira&pfm_page=search&pfm_pos=grid&pfm_type=search_page&offerId=5faa9b4ec5c9bbe5fc493c63&buyboxToken=smartbuybox-acom-v2-2ef55dc9-5bd3-4c25-9f5e-edaa1dabfb73-2021-10-15 12:00:21-0300;Americanas
Geladeira Brastemp Frost Free 500 litros - BRM57 Inox;141;4318.99;https://www.americanas.com.br/produto/132718807?pfm_carac=geladeira&pfm_page=search&pfm_pos=grid&pfm_type=search_page&offerId=5e2997e51729c3bbf147cb28&buyboxToken=smartbuybox-acom-v2-97624b38-d8e7-48a3-b0d7-7c1dc8ef5031-2021-10-15 12:04:41-0300;Americanas
Refrigerador Cycle Defrost 276 Litros rcd 34 - Esmaltec;21;1709.1;https://www.americanas.com.br/produto/10998806?pfm_carac=geladeira&pfm_page=search&pfm_pos=grid&pfm_type=search_page&offerId=5c61531df216c95bdebf9138&buyboxToken=smartbuybox-acom-v2-decc055a-a6af-4ccd-ac3e-debe0af7350f-2021-10-15 12:08:20-0300;Americanas
Geladeira / Refrigerador Brastemp Frost Free Side by Side BRO80ABANA  Inverse  -  540 litros Branco;65;6551.0;https://www.americanas.com.br/produto/117966010?pfm_carac=geladeira&pfm_page=search&pfm_pos=grid&pfm_type=search_page&offerId=5c740bdbf216c95bde0b04a9&buyboxToken=smartbuybox-acom-v2-daf9d6fe-bd29-4f7e-8552-8e6462ea4c4e-2021-10-15 12:03:00-0300;Americanas
Geladeira/Refrigerador Consul CRM43 386 Litros Branco;76;2799.0;https://www.americanas.com.br/produto/1843116909?pfm_carac=geladeira&pfm_page=search&pfm_pos=grid&pfm_type=search_page&offerId=5f7dec201b186381b585b0da&buyboxToken=smartbuybox-acom-v2-55ce1d89-b6e2-4288-a1bc-e1778cc0525c-2021-10-15 12:08:20-0300;Americanas
Geladeira / Refrigerador Electrolux Side by Side Frost Free SS72X 504 Litros;46;8699.0;https://www.americanas.com.br/produto/110957276?pfm_carac=geladeira&pfm_page=search&pfm_pos=grid&pfm_type=search_page&offerId=5a19e8b31f09073c7ea6212d;Americanas
Geladeira/Refrigerador Electrolux Duplex Cycle Defrost DC51 475 Litros Branco;104;2982.65;https://www.americanas.com.br/produto/110419822?pfm_carac=geladeira&pfm_page=search&pfm_pos=grid&pfm_type=search_page&offerId=61143d30549cd5594f4717b3&buyboxToken=smartbuybox-acom-v2-a1cd0956-1421-4764-b72a-88a9264f01de-2021-10-15 12:08:20-0300;Americanas
Geladeira Panasonic Frost Free 480L Black Glass - NR-BB71GVFB;14;5629.99;https://www.americanas.com.br/produto/2134948008?pfm_carac=geladeira&pfm_page=search&pfm_pos=grid&pfm_type=search_page&offerId=5fa6a220c5c9bbe5fc5eb53e&buyboxToken=smartbuybox-acom-v2-2fd3384b-49cc-4edb-ae99-3cdd2cef296c-2021-10-15 12:08:20-0300;Americanas
Geladeira/Refrigerador Brastemp Duplex BRM57 Frost Free 500 litros Branco;108;3998.99;https://www.americanas.com.br/produto/132717265?pfm_carac=geladeira&pfm_page=search&pfm_pos=grid&pfm_type=search_page&offerId=5b6c54a3172743a0f5424b35&buyboxToken=smartbuybox-acom-v2-eae4ac76-6324-43b2-802a-86788c6872bf-2021-10-15 12:08:20-0300;Americanas
Geladeira/refrigerador Top Freezer 474l Branco (tf56);75;3199.0;https://www.americanas.com.br/produto/83562601?pfm_carac=geladeira&pfm_page=search&pfm_pos=grid&pfm_type=search_page&offerId=5db7463560de01a83e61608c&buyboxToken=smartbuybox-acom-v2-3e3a356f-ebae-4911-97b8-7c72cb50e12f-2021-10-15 12:08:20-0300;Americanas
Geladeira Brastemp Frost Free 462 litros - BRM56 Branco;43;3799.0;https://www.americanas.com.br/produto/132717302?pfm_carac=geladeira&pfm_page=search&pfm_pos=grid&pfm_type=search_page&offerId=5b6cae92172743a0f588cbdd&buyboxToken=smartbuybox-acom-v2-9f6b287a-6073-41db-8212-2a8173967aec-2021-10-15 12:08:20-0300;Americanas
Geladeira/Refrigerador Philco PRF406 French Door Frost Free;2;4741.45;https://www.americanas.com.br/produto/2990146825?pfm_carac=geladeira&pfm_page=search&pfm_pos=grid&pfm_type=search_page&offerId=607de3530c07044266d8ea08&buyboxToken=smartbuybox-acom-v2-f71d4906-5c46-448f-bb3a-bb57d8d5226e-2021-10-15 12:08:20-0300;Americanas
Refrigerador Panasonic BB53 Inverter Bottom Freezer 425L 2 Portas Aço Escovado Frost Free 127V NR-BB53PV3XA;2;3699.98;https://www.americanas.com.br/produto/3029310483?pfm_carac=geladeira&pfm_page=search&pfm_pos=grid&pfm_type=search_page&offerId=605262e10c0704426686de08;Americanas
Geladeira Panasonic Frost Free 480L Aço Escovado - NR-BB71PVFX;17;4499.99;https://www.americanas.com.br/produto/2136437463?pfm_carac=geladeira&pfm_page=search&pfm_pos=grid&pfm_type=search_page&offerId=6037982d0c07044266853f82&buyboxToken=smartbuybox-acom-v2-c0936662-358f-4c73-b581-fc213e5cadbe-2021-10-15 12:08:20-0300;Americanas
Refrigerador Midea Side by Side 528L Preto Midea;4;5713.27;https://www.americanas.com.br/produto/2833463510?pfm_carac=geladeira&pfm_page=search&pfm_pos=grid&pfm_type=search_page&offerId=601465670c070442661c22b0;Americanas
Geladeira Panasonic Frost Free 483L NR-BT55PV2W Branca;25;3279.99;https://www.americanas.com.br/produto/2134975276?pfm_carac=geladeira&pfm_page=search&pfm_pos=grid&pfm_type=search_page&offerId=5fb93cb0762ff36719b84bb4;Americanas
Geladeira Refrigerador Frost Free Duplex Brastemp - BRE80ABANA - 573L - Inverse, Iluminaçao de Led e Smart Bar - Branca;144;5425.0;https://www.americanas.com.br/produto/111574111?pfm_carac=geladeira&pfm_page=search&pfm_pos=grid&pfm_type=search_page&offerId=5df2715d1729c3bbf11d4f1d&buyboxToken=smartbuybox-acom-v2-af378dab-105d-4548-b8f6-f69e5f6d9914-2021-10-15 12:08:20-0300;Americanas
Geladeira / Refrigerador Consul 1 Porta Facilite CRB36 com Frost Free 300L - Branco;120;2084.68;https://www.americanas.com.br/produto/5091204?pfm_carac=geladeira&pfm_page=search&pfm_pos=grid&pfm_type=search_page&offerId=5b7ebd6e172743a0f5dec84c&buyboxToken=smartbuybox-acom-v2-b96e25cc-f460-4996-8f63-5538f22abbf3-2021-10-15 12:02:09-0300;Americanas
Geladeira/Refrigerador Philco Side By Side PRF504I Inox 489L;16;5107.8;https://www.americanas.com.br/produto/1809493508?pfm_carac=geladeira&pfm_page=search&pfm_pos=grid&pfm_type=search_page&offerId=5f08add879bf8430cb16c5eb&buyboxToken=smartbuybox-acom-v2-fc78e1d6-4614-405c-9e86-be9a1c3affa3-2021-10-15 12:00:21-0300;Americanas
Geladeira Consul CRE44 Frost Free Duplex 397 Litros Branca Com Freezer Embaixo;105;3548.0;https://www.americanas.com.br/produto/134544249?pfm_carac=geladeira&pfm_page=search&pfm_pos=grid&pfm_type=search_page&offerId=5d5fe32ef216c95bdea45be1&buyboxToken=smartbuybox-acom-v2-a3dfa911-211e-42e6-9bd2-1cf265cb5e1d-2021-10-15 12:02:09-0300;Americanas
Refrigerador de 02 Portas Panasonic Frost Free com 435 Litros com Degelo Automático Aço Escovado - NR-BT50BD3X;11;3167.91;https://www.americanas.com.br/produto/47018908?pfm_carac=geladeira&pfm_page=search&pfm_pos=grid&pfm_type=search_page&offerId=5c408cde172743a0f58ba02a&buyboxToken=smartbuybox-acom-v2-3e03f947-0c72-47f0-a603-74233df5a3a9-2021-10-15 12:08:20-0300;Americanas
Refrigerador | Geladeira Electrolux Frost Free 2 Portas 553 Litros Inox - DF82X;10;4699.0;https://www.americanas.com.br/produto/1618417019?pfm_carac=geladeira&pfm_page=search&pfm_pos=grid&pfm_type=search_page&offerId=5eda7a6779bf8430cbf18fea&buyboxToken=smartbuybox-acom-v2-b4b06c6c-1381-4b1a-b632-110a940a0624-2021-10-15 12:08:20-0300;Americanas
Geladeira/Refrigerador Samsung Duplex RT38K5A0KS9 Inox Look 385L com All-Around Cooling - Bivolt;21;3698.99;https://www.americanas.com.br/produto/2492540678?pfm_carac=geladeira&pfm_page=search&pfm_pos=grid&pfm_type=search_page&offerId=5ff5a0af0c0704426670e17b&buyboxToken=smartbuybox-acom-v2-7b830038-d099-4a89-9b8e-8393b8abbcf2-2021-10-15 12:08:20-0300;Americanas
Refrigerador Philco Side By Side PRF533I;1;5393.96;https://www.americanas.com.br/produto/3419495292?pfm_carac=geladeira&pfm_page=search&pfm_pos=grid&pfm_type=search_page&offerId=60f0875852131c3c812f01c9;Americanas
Refrigerador Esmaltec ROC31 245 Litros Branco Degelo Manual;19;1529.1;https://www.americanas.com.br/produto/122957417?pfm_carac=geladeira&pfm_page=search&pfm_pos=grid&pfm_type=search_page&offerId=592592556a5b96816f61e3ad&buyboxToken=smartbuybox-acom-v2-8df84deb-fe3c-48f4-9099-8be76c9077fd-2021-10-15 12:08:20-0300;Americanas
Refrigerador 276 Litros 111W Rcd34 Preto Esmaltec;4;1889.1;https://www.americanas.com.br/produto/247379251?pfm_carac=geladeira&pfm_page=search&pfm_pos=grid&pfm_type=search_page&offerId=5d7a7fb0f216c95bde6769d5&buyboxToken=smartbuybox-acom-v2-bf797e5a-5eea-4e8a-8bdc-1ef8210f6c96-2021-10-15 12:08:20-0300;Americanas
Geladeira Brastemp Frost Free 443 Litros - BRE57 Branco;53;4199.0;https://www.americanas.com.br/produto/132532244?pfm_carac=geladeira&pfm_page=search&pfm_pos=grid&pfm_type=search_page&offerId=5bf6d843172743a0f5500855&buyboxToken=smartbuybox-acom-v2-bf6dc775-3005-447f-a9a3-67b6fa647b49-2021-10-15 12:03:01-0300;Americanas
Geladeira Panasonic Frost Free 387L NR-BT40BD1X Aço Escovado;0;3439.99;https://www.americanas.com.br/produto/2134980016?pfm_carac=geladeira&pfm_page=search&pfm_pos=grid&pfm_type=search_page&offerId=5fa46ac4c5c9bbe5fc94eeaf;Americanas
Geladeira/Refrigerador Continental TC56 Branca 472L;5;3098.99;https://www.americanas.com.br/produto/1661586686?pfm_carac=geladeira&pfm_page=search&pfm_pos=grid&pfm_type=search_page&offerId=5ea8732279bf8430cbb442dc&buyboxToken=smartbuybox-acom-v2-fdc3f226-3f61-40ae-9b23-7d8e7caf7163-2021-10-15 12:08:20-0300;Americanas
Geladeira/Refrigerador Continental TC41S Platinum 370L Frost Free;12;2598.99;https://www.americanas.com.br/produto/1661585878?pfm_carac=geladeira&pfm_page=search&pfm_pos=grid&pfm_type=search_page&offerId=5ea8732279bf8430cbb4446f&buyboxToken=smartbuybox-acom-v2-b7d6c7b3-c7bc-443d-b1c1-6f6509231fe9-2021-10-15 12:08:20-0300;Americanas
Refrigerador Philco 437 Litros Side By Side Eco Inverter Inox PRF533I – 127 Volts;0;4822.72;https://www.americanas.com.br/produto/3926979515?pfm_carac=geladeira&pfm_page=search&pfm_pos=grid&pfm_type=search_page&offerId=6143f67509c351890daa3ffb;Americanas
Geladeira Top Freezer DW44S Com Dispenser de Água Platinum 400L;42;3098.99;https://www.americanas.com.br/produto/83562531?pfm_carac=geladeira&pfm_page=search&pfm_pos=grid&pfm_type=search_page&offerId=5d49ddb2f216c95bdeff29ca;Americanas
Geladeira/Refrigerador Side by Side Midea 528 Litros Frost Free Inox MD-RS587FGA - 110V;11;5999.0;https://www.americanas.com.br/produto/2487659586?pfm_carac=geladeira&pfm_page=search&pfm_pos=grid&pfm_type=search_page&offerId=6090892e52131c3c81ced400&buyboxToken=smartbuybox-acom-v2-e4545759-8cbf-4077-855d-bd8865fd98de-2021-10-15 12:08:20-0300;Americanas
Geladeira Brastemp Inverse Frost Free 460 litros - BRE59 Inox;23;6759.0;https://www.americanas.com.br/produto/132717206?pfm_carac=geladeira&pfm_page=search&pfm_pos=grid&pfm_type=search_page&offerId=5b15b4be172743a0f56c0187&buyboxToken=smartbuybox-acom-v2-cadbf17f-1d3f-4534-8624-66d9b46404e9-2021-10-15 12:08:20-0300;Americanas
Refrigerador Brastemp Frost Free 3 Portas Inverse BRY59BK 419 Litros;0;5927.05;https://www.americanas.com.br/produto/2891793621?pfm_carac=geladeira&pfm_page=search&pfm_pos=grid&pfm_type=search_page&offerId=60242a1c0c0704426650b7e3;Americanas
Geladeira/refrigerador Frost Free Bottom Freezer Inverter Inox 454 Litros (ib53x);44;4942.33;https://www.americanas.com.br/produto/36911170?pfm_carac=geladeira&pfm_page=search&pfm_pos=grid&pfm_type=search_page&offerId=5f3aecd2cc79e88b8677c7e6&buyboxToken=smartbuybox-acom-v2-b4c917a3-3025-425f-8972-595ed4c8ec57-2021-10-15 12:08:20-0300;Americanas
Geladeira/Refrigerador Electrolux 1 Porta RFE39 com Congelador 322 Litros - Branco;10;1889.1;https://www.americanas.com.br/produto/122262965?pfm_carac=geladeira&pfm_page=search&pfm_pos=grid&pfm_type=search_page&offerId=5925bc436a5b96816fe90708&buyboxToken=smartbuybox-acom-v2-3244d48c-57a2-4e24-97fa-1ec7006d0c03-2021-10-15 12:08:20-0300;Americanas
Geladeira Continetal Automática Frost Free 2 Portas TC41 370 Litros;1;2330.73;https://www.americanas.com.br/produto/2204548246?pfm_carac=geladeira&pfm_page=search&pfm_pos=grid&pfm_type=search_page&offerId=608c5e0452131c3c814a9372;Americanas
Geladeira/Refrigerador Frost Free Bottom Freezer 598 Litros (DB84);63;6169.0;https://www.americanas.com.br/produto/29563105?pfm_carac=geladeira&pfm_page=search&pfm_pos=grid&pfm_type=search_page&offerId=5a1d2e5e1f09073c7e662956;Americanas
Geladeira French Door Electrolux Com Dispenser De Água E Gelo Na Porta 540l Platinum (dm90x);5;15999.0;https://www.americanas.com.br/produto/40542207?pfm_carac=geladeira&pfm_page=search&pfm_pos=grid&pfm_type=search_page&offerId=5bc1d578172743a0f5956ce8;Americanas
Geladeira/Refrigerador Samsung Duplex RT46K6A4KS9 Inox Look 460L com All-Around Cooling - Bivolt;10;4489.99;https://www.americanas.com.br/produto/2492538359?pfm_carac=geladeira&pfm_page=search&pfm_pos=grid&pfm_type=search_page&offerId=5fff0e2c0c0704426614aa4c&buyboxToken=smartbuybox-acom-v2-682439ac-1a89-4ff6-b5d9-ec57ccf4f562-2021-10-15 12:08:20-0300;Americanas
Geladeira Brastemp Frost Free 478 Litros - BRM59 Inox;9;5199.0;https://www.americanas.com.br/produto/132718874?pfm_carac=geladeira&pfm_page=search&pfm_pos=grid&pfm_type=search_page&offerId=5c8169baf216c95bde33db03&buyboxToken=smartbuybox-acom-v2-ff38a34e-9e6f-4cd7-94b2-0bc94a532ae1-2021-10-15 12:08:20-0300;Americanas
Geladeira Samsung Evolution RT46 PowerVolt Inverter Duplex 460L Black Inox Look;1;4739.99;https://www.americanas.com.br/produto/2508220821?pfm_carac=geladeira&pfm_page=search&pfm_pos=grid&pfm_type=search_page&offerId=5fc7d8070c070442667ec17c&buyboxToken=smartbuybox-acom-v2-f182cb37-85d7-4cb9-943e-8928867758b7-2021-10-15 12:08:20-0300;Americanas
Refrigerador Duplex Electrolux 474 Litros Frost Free DF56;3;3697.14;https://www.americanas.com.br/produto/3120639888?pfm_carac=geladeira&pfm_page=search&pfm_pos=grid&pfm_type=search_page&offerId=610c58bd52131c3c81bd68d4&buyboxToken=smartbuybox-acom-v2-452fed6c-292c-4d02-b1bd-2fa4bb56fba4-2021-10-15 12:08:20-0300;Americanas
Geladeira Brastemp Frost Free 478 Litros - BRM59 Branco;20;4471.0;https://www.americanas.com.br/produto/132718831?pfm_carac=geladeira&pfm_page=search&pfm_pos=grid&pfm_type=search_page&offerId=5b314eae172743a0f56a8655&buyboxToken=smartbuybox-acom-v2-0eea4518-f352-4232-ac54-c72ffc111ff5-2021-10-15 12:08:20-0300;Americanas
Geladeira Electrolux Df82 553 Litros 2 Portas Branco - 220v;13;4499.0;https://www.americanas.com.br/produto/91046268?pfm_carac=geladeira&pfm_page=search&pfm_pos=grid&pfm_type=search_page&offerId=5f21750379bf8430cbeed7fb&buyboxToken=smartbuybox-acom-v2-36b3a4e4-476d-4061-941e-f6642a748d77-2021-10-15 12:08:20-0300;Americanas
Geladeira / Refrigerador Brastemp Frost Free Side by Side Inverse 540 litros Black;10;9151.0;https://www.americanas.com.br/produto/117966079?pfm_carac=geladeira&pfm_page=search&pfm_pos=grid&pfm_type=search_page&offerId=5acbe5ab172743a0f53676e4;Americanas
Refrigerador Brastemp Frost Free 3 Portas Inverse BRY59BE 419 Litros;0;6421.05;https://www.americanas.com.br/produto/2587656729?pfm_carac=geladeira&pfm_page=search&pfm_pos=grid&pfm_type=search_page&offerId=5fbc113a762ff3671940a35c;Americanas
Refrigerador Philco Inverse 4 Portas PRF411I 403L;0;5098.4;https://www.americanas.com.br/produto/1912297919?pfm_carac=geladeira&pfm_page=search&pfm_pos=grid&pfm_type=search_page&offerId=60ef05d952131c3c815f5157&buyboxToken=smartbuybox-acom-v2-5adf0a7a-4c63-4170-bea6-22f881192b87-2021-10-15 12:08:32-0300;Americanas
Geladeira/Refrigerador Samsung Duplex RT38K5A0KWW Branca 385L com All-Around Cooling - Bivolt;4;3299.99;https://www.americanas.com.br/produto/2728645469?pfm_carac=geladeira&pfm_page=search&pfm_pos=grid&pfm_type=search_page&offerId=5fff0cf30c070442661262bd&buyboxToken=smartbuybox-acom-v2-d661aed1-8d05-45ec-a05c-4a2341a6c43b-2021-10-15 12:08:32-0300;Americanas
Refrigerador Side by Side LG de 02 Portas Frost Free com 601 Litros, Moist Balance Crisper, Aço Escovado - GC-L247S;2;10371.38;https://www.americanas.com.br/produto/1546559771?pfm_carac=geladeira&pfm_page=search&pfm_pos=grid&pfm_type=search_page&offerId=6100956552131c3c81ef5c60&buyboxToken=smartbuybox-acom-v2-5cba29bc-05f3-401a-9d0a-bb6b1fdfd2cb-2021-10-15 12:08:32-0300;Americanas
Geladeira/Refrigerador Panasonic 480 Litros NR-BB71PVFX Frost Free, 2 Portas, Tecnologia Inverter, Aço Escovado;0;4139.1;https://www.americanas.com.br/produto/1810406264?pfm_carac=geladeira&pfm_page=search&pfm_pos=grid&pfm_type=search_page&offerId=5efd28ee79bf8430cbb1c83d;Americanas
Side By Side Philco PRF520DI – Geladeira e Freezer;0;6967.0;https://www.americanas.com.br/produto/3598792540?pfm_carac=geladeira&pfm_page=search&pfm_pos=grid&pfm_type=search_page&offerId=6113ffc2549cd5594f980188;Americanas
Geladeira Electrolux DF44S Frost Free Platinum 402L;2;3519.91;https://www.americanas.com.br/produto/2566311191?pfm_carac=geladeira&pfm_page=search&pfm_pos=grid&pfm_type=search_page&offerId=5fb63c35762ff36719bb43ab&buyboxToken=smartbuybox-acom-v2-5e0f3179-8e31-4d31-a0ab-56ef3193e3b7-2021-10-15 12:08:32-0300;Americanas
Refrigerador de 02 Portas Panasonic Frost Free com 435 Litros Inverter Aço Escovado - NR-BT51PV3X;3;3095.14;https://www.americanas.com.br/produto/48004110?pfm_carac=geladeira&pfm_page=search&pfm_pos=grid&pfm_type=search_page&offerId=60ff107952131c3c81c23539&buyboxToken=smartbuybox-acom-v2-ac672a2b-cd0b-4b0f-b480-ba23cb6243cc-2021-10-15 12:08:32-0300;Americanas
Geladeira Smart LG Side by Side Inverter 601L Instaview Door-in-Door GC-X247CSBV;1;16829.99;https://www.americanas.com.br/produto/1736122916?pfm_carac=geladeira&pfm_page=search&pfm_pos=grid&pfm_type=search_page&offerId=5f10607679bf8430cbf866cb&buyboxToken=smartbuybox-acom-v2-dc50ebc7-2fe2-4d24-8c0e-a97775d94ad1-2021-10-15 12:08:32-0300;Americanas
Refrigerador Philco 403 Litros Inverter French Door Inverse Inox PRF411I – 220 Volts;0;5098.63;https://www.americanas.com.br/produto/2517532481?pfm_carac=geladeira&pfm_page=search&pfm_pos=grid&pfm_type=search_page&offerId=5fb6de01762ff36719118504;Americanas
Geladeira Inverter Duplex 425 Litros Inox Panasonic 110v;2;3599.9;https://www.americanas.com.br/produto/2664108698?pfm_carac=geladeira&pfm_page=search&pfm_pos=grid&pfm_type=search_page&offerId=6151f98509c351890d5bc777&buyboxToken=smartbuybox-acom-v2-43339640-8c47-4c2c-ac57-11b61a4435c1-2021-10-15 12:03:12-0300;Americanas
Geladeira Brastemp Inverse Frost Free 460 litros - BRE59 Branco;4;5223.29;https://www.americanas.com.br/produto/132532210?pfm_carac=geladeira&pfm_page=search&pfm_pos=grid&pfm_type=search_page&offerId=613a5fcc09c351890dd9ff50&buyboxToken=smartbuybox-acom-v2-d271c1e3-4e60-488a-9ce8-3b13311443fd-2021-10-15 12:08:32-0300;Americanas
Refrigerador de 02 Portas Electrolux Frost Free com 474 Litros com Top Freezer Platinum - DF56S;11;3869.14;https://www.americanas.com.br/produto/1528466212?pfm_carac=geladeira&pfm_page=search&pfm_pos=grid&pfm_type=search_page&offerId=60ecaf3252131c3c812e4680&buyboxToken=smartbuybox-acom-v2-a109143a-f245-46e4-8572-5fbe92d3b99e-2021-10-15 12:02:48-0300;Americanas
Refrigerador Side by Side Inverse Brastemp de 03 Portas Frost Free em Evox com 540 Litros Cor Inox e Cinza - BRO80AK;0;6739.93;https://www.americanas.com.br/produto/3642432526?pfm_carac=geladeira&pfm_page=search&pfm_pos=grid&pfm_type=search_page&offerId=6107007d52131c3c8152dc0a;Americanas
Refrigerador/Expositor Vertical Auto Serviço Frios e Laticínios 3 Portas asfl Plus Refrimate;0;7919.99;https://www.americanas.com.br/produto/101649223?pfm_carac=geladeira&pfm_page=search&pfm_pos=grid&pfm_type=search_page&offerId=613bafcc09c351890db3314e;Americanas
Geladeira/Refrigerador Samsung French Door RF23R6201SR Inox Look 536L Smart (Wi-Fi) com Twin Cooling;0;20331.0;https://www.americanas.com.br/produto/1733325099?pfm_carac=geladeira&pfm_page=search&pfm_pos=grid&pfm_type=search_page&offerId=61116fd5549cd5594ff9551d;Americanas
Refrigerador French Door Samsung de 03 Portas Frost Free com 614 Litros, Soundbar, Smart Wi-Fi, Family Hub - RF27T5501SG;2;30999.0;https://www.americanas.com.br/produto/2563071101?pfm_carac=geladeira&pfm_page=search&pfm_pos=grid&pfm_type=search_page&offerId=5fecb92c0c07044266c847d4;Americanas
Geladeira Top Freezer 402l Branco (df44);9;2778.46;https://www.americanas.com.br/produto/102114824?pfm_carac=geladeira&pfm_page=search&pfm_pos=grid&pfm_type=search_page&offerId=5f50d4e9cc79e88b863aeb2d&buyboxToken=smartbuybox-acom-v2-eb220c1a-3a7a-4306-a9c3-ae85ed4e999c-2021-10-15 12:08:32-0300;Americanas
Refrigerador Brastemp Inverse 3 BRY59 419 Litros Evox;2;6399.99;https://www.americanas.com.br/produto/2070713196?pfm_carac=geladeira&pfm_page=search&pfm_pos=grid&pfm_type=search_page&offerId=5f7df8971b186381b5a1745f;Americanas
Geladeira / Refrigerador Side By Side LG New Lancaster Instaview GC-X247CSAV 601L - Inox;2;14989.9;https://www.americanas.com.br/produto/133773701?pfm_carac=geladeira&pfm_page=search&pfm_pos=grid&pfm_type=search_page&offerId=61292da309c351890dc1e6ba;Americanas
Refrigerador Panasonic 425l Frost Free Bb53pv3xa Inox 110v;0;3599.9;https://www.americanas.com.br/produto/2945061339?pfm_carac=geladeira&pfm_page=search&pfm_pos=grid&pfm_type=search_page&offerId=615183d109c351890d3332dc;Americanas
Geladeira Samsung Evolution RT46 com PowerVolt Inverter Duplex 460L - Branca;1;4159.99;https://www.americanas.com.br/produto/2492538447?pfm_carac=geladeira&pfm_page=search&pfm_pos=grid&pfm_type=search_page&offerId=5ffcc5870c07044266cd26d7&buyboxToken=smartbuybox-acom-v2-08e759f6-1fae-4709-9745-8fc1733e6b6b-2021-10-15 12:08:32-0300;Americanas
Mini Geladeira Portátil Frigobar 4 Litros TV009 - Multilaser;9;276.33;https://www.americanas.com.br/produto/27586802?pfm_carac=geladeira&pfm_page=search&pfm_pos=grid&pfm_type=search_page&offerId=5c3f2f4d172743a0f562a57f&buyboxToken=smartbuybox-acom-v2-d164909c-9bcc-4c24-884f-748fbcccbbff-2021-10-15 12:08:32-0300;Americanas
Geladeira/Refrigerador Frost Free 371 Litros Electrolux DFN41 Branca 127V;2;2749.58;https://www.americanas.com.br/produto/3249317409?pfm_carac=geladeira&pfm_page=search&pfm_pos=grid&pfm_type=search_page&offerId=60916cd952131c3c813a6f6b;Americanas
Geladeira Frost Free Samsung French Door Twin Cooling Plus™ RF49A5202S9 470l Inox Look;0;8639.1;https://www.americanas.com.br/produto/3171321482?pfm_carac=geladeira&pfm_page=search&pfm_pos=grid&pfm_type=search_page&offerId=60e4716f52131c3c8146fb1f&buyboxToken=smartbuybox-acom-v2-b9e31cfb-909c-4522-89e4-bc5c45c85190-2021-10-15 12:08:32-0300;Americanas
Refrigerador Midea Frost Free 425 Litros Inox MD-RT453 – 220 Volts;0;3398.33;https://www.americanas.com.br/produto/2487659092?pfm_carac=geladeira&pfm_page=search&pfm_pos=grid&pfm_type=search_page&offerId=5fd270160c07044266cdaa0b;Americanas
Refrigerador Brastemp Inverse 4 BRO90 543 Litros Evox;0;17999.99;https://www.americanas.com.br/produto/2117242142?pfm_carac=geladeira&pfm_page=search&pfm_pos=grid&pfm_type=search_page&offerId=5fb28f9c762ff367197a2a81;Americanas
Geladeira/Refrigerador Samsung Inverse BAROSA RL4353RBASL Inox Look 435L;3;5719.12;https://www.americanas.com.br/produto/1479893743?pfm_carac=geladeira&pfm_page=search&pfm_pos=grid&pfm_type=search_page&offerId=615b1f5909c351890d032ec4;Americanas
Refrigerador 2 Portas Frost Free 387 Litros Panasonic Classe A Nr-bt40bd1wa;8;2639.91;https://www.americanas.com.br/produto/33838635?pfm_carac=geladeira&pfm_page=search&pfm_pos=grid&pfm_type=search_page&offerId=5fa2c84ec5c9bbe5fc011952&buyboxToken=smartbuybox-acom-v2-c065b9c2-ab9e-458d-b77a-cfebc475d517-2021-10-15 12:08:32-0300;Americanas
Refrigerador/Freezer Horizontal Gelopar GHBS-410 Branco 411L;0;3084.3;https://www.americanas.com.br/produto/1708865456?pfm_carac=geladeira&pfm_page=search&pfm_pos=grid&pfm_type=search_page&offerId=5ed8ebeb79bf8430cbae6aaa&buyboxToken=smartbuybox-acom-v2-a1b81240-555d-49d4-9bad-b68e4a3cb350-2021-10-15 12:08:32-0300;Americanas
BLACK+DECKER Geladeira Portátil 24 Litros BDC24L-LA;2;829.9;https://www.americanas.com.br/produto/3051994551?pfm_carac=geladeira&pfm_page=search&pfm_pos=grid&pfm_type=search_page&offerId=60eb939e52131c3c81bb891c&buyboxToken=smartbuybox-acom-v2-6a90214a-a5a0-4351-84f0-d3d117ecf5f0-2021-10-15 12:08:32-0300;Americanas
Refrigerador Side By Side Philco de 02 Portas Frost Free com 434 Litros Painel Touch Inox - PRF533ID;0;4675.73;https://www.americanas.com.br/produto/3116460906?pfm_carac=geladeira&pfm_page=search&pfm_pos=grid&pfm_type=search_page&offerId=60c3f08652131c3c813720fd;Americanas
Refrigerador Electrolux Frost Free 382 Litros Top Freezer Platinum TF42S – 220 Volts;1;3798.41;https://www.americanas.com.br/produto/2533673401?pfm_carac=geladeira&pfm_page=search&pfm_pos=grid&pfm_type=search_page&offerId=5fb54d66762ff3671997f070;Americanas
Geladeira panasonic BB53 branca 425L 127V;1;3626.73;https://www.americanas.com.br/produto/2556162540?pfm_carac=geladeira&pfm_page=search&pfm_pos=grid&pfm_type=search_page&offerId=5fb4022d762ff36719bd528c;Americanas
Geladeira/Refrigerador Continental Frost Free - Duplex Branca 394L TC44;0;2567.85;https://www.americanas.com.br/produto/3389423991?pfm_carac=geladeira&pfm_page=search&pfm_pos=grid&pfm_type=search_page&offerId=60e6f8b552131c3c812d4177&buyboxToken=smartbuybox-acom-v2-8357e76d-7ed0-4327-b859-2242bb5c8526-2021-10-15 12:08:32-0300;Americanas
Refrigerador Panasonic Black Glass Bb71;3;5103.91;https://www.americanas.com.br/produto/1973090452?pfm_carac=geladeira&pfm_page=search&pfm_pos=grid&pfm_type=search_page&offerId=5f68f1f11b186381b5ef4e45&buyboxToken=smartbuybox-acom-v2-9f124847-e78f-4b0a-b83d-0849e8251f5d-2021-10-15 12:08:32-0300;Americanas
Geladeira Smart LG French Door Inverter 428L Nature Fresh e LG ThinQ GC-L228FTL;0;11249.88;https://www.americanas.com.br/produto/1736103707?pfm_carac=geladeira&pfm_page=search&pfm_pos=grid&pfm_type=search_page&offerId=610aec6f52131c3c810f1bc5&buyboxToken=smartbuybox-acom-v2-564ac7c0-9a68-4b7f-ade6-836fc41d8723-2021-10-15 12:08:32-0300;Americanas
Mini Geladeira 6l Branca dc Branca Multilaser;2;439.42;https://www.americanas.com.br/produto/1621589217?pfm_carac=geladeira&pfm_page=search&pfm_pos=grid&pfm_type=search_page&offerId=605d13b80c07044266c6f48b&buyboxToken=smartbuybox-acom-v2-c725456f-d280-4e16-ae16-d58c528e4ae4-2021-10-15 12:08:32-0300;Americanas
Refrigerador Consul Frost Free Duplex 410 Litros com Espaço Flex e Controle Interno de Temperatura Branco CRM50HB – 127 Volts;0;2888.23;https://www.americanas.com.br/produto/3926945569?pfm_carac=geladeira&pfm_page=search&pfm_pos=grid&pfm_type=search_page&offerId=6143f56809c351890da69981;Americanas
Geladeira Smart LG Side by Side Inverter 601L com LG ThinQ GC-L247SLU;0;10449.99;https://www.americanas.com.br/produto/1680050191?pfm_carac=geladeira&pfm_page=search&pfm_pos=grid&pfm_type=search_page&offerId=5f05e0e179bf8430cb6b3ad2&buyboxToken=smartbuybox-acom-v2-a1cc020c-2ddc-43f7-81c2-70258dfd25f1-2021-10-15 12:08:32-0300;Americanas
Refrigerador Electrolux Inverter Top Freezer 431L Branco 220V IF55;0;3611.14;https://www.americanas.com.br/produto/2566341533?pfm_carac=geladeira&pfm_page=search&pfm_pos=grid&pfm_type=search_page&offerId=6144dee809c351890dabfc91&buyboxToken=smartbuybox-acom-v2-ccd7cb62-2c6d-42d9-ac67-c03fcdb399c8-2021-10-15 12:08:32-0300;Americanas
Geladeira Smart LG Side by Side Inverter 601 litros Inox com Door-in-Door e LG ThinQ - GS65SDN1;2;12798.99;https://www.americanas.com.br/produto/133256747?pfm_carac=geladeira&pfm_page=search&pfm_pos=grid&pfm_type=search_page&offerId=5efb663779bf8430cb8a8f88&buyboxToken=smartbuybox-acom-v2-a8ed017f-a5ac-4e79-95ed-ad50a6494e06-2021-10-15 12:08:32-0300;Americanas
Geladeira Continetal Automática Frost Free 2 Portas TC44S 394 Litros Prata;0;2526.3;https://www.americanas.com.br/produto/1962085181?pfm_carac=geladeira&pfm_page=search&pfm_pos=grid&pfm_type=search_page&offerId=5f3eaf5ecc79e88b86e3f44a;Americanas
Geladeira Externa Portátil 75 Litros Resfri Ar;0;3863.2;https://www.americanas.com.br/produto/1943273442?pfm_carac=geladeira&pfm_page=search&pfm_pos=grid&pfm_type=search_page&offerId=60d0915052131c3c81847e23;Americanas
Geladeira Panasonic Frost Free Duplex 2 Portas NR-BT50BD3XA 435 Litros Inox 127V;1;3182.76;https://www.americanas.com.br/produto/1587272442?pfm_carac=geladeira&pfm_page=search&pfm_pos=grid&pfm_type=search_page&offerId=6089849752131c3c810a46ee;Americanas
Geladeira Portátil 31L Digital Resfriar Bivolt;1;2669.0;https://www.americanas.com.br/produto/41709760?pfm_carac=geladeira&pfm_page=search&pfm_pos=grid&pfm_type=search_page&offerId=5eb756ca79bf8430cb2de4cb&buyboxToken=smartbuybox-acom-v2-1eb48a00-28c9-4cf1-91a9-34d01f657135-2021-10-15 12:08:32-0300;Americanas
Refrigerador Panasonic NR-BT40BD1XB 387L Aço Escovado;1;0.0;https://www.americanas.com.br/produto/2134936162?pfm_carac=geladeira&pfm_page=search&pfm_pos=grid&pfm_type=search_page&offerId=[object Object];Americanas
Geladeira Smart LG Bottom Freezer Inverter 451L com LG ThinQ GC-B659BSB;1;6588.99;https://www.americanas.com.br/produto/1736168931?pfm_carac=geladeira&pfm_page=search&pfm_pos=grid&pfm_type=search_page&offerId=5ececfb879bf8430cb2c8fdf&buyboxToken=smartbuybox-acom-v2-f127b5a6-4280-4ca9-aed1-4ea0376fe5a9-2021-10-15 12:08:32-0300;Americanas
Mini Geladeira Retro Trivolt 4L TV007 - Multilaser;3;380.43;https://www.americanas.com.br/produto/40964639?pfm_carac=geladeira&pfm_page=search&pfm_pos=grid&pfm_type=search_page&offerId=5c518a7f172743a0f561c2a0&buyboxToken=smartbuybox-acom-v2-f9f8aff3-7078-4177-b4a0-089103414d18-2021-10-15 12:08:32-0300;Americanas
Refrigerador Philco Side By Side 437L Eco Inverter 220V;0;4399.91;https://www.americanas.com.br/produto/3838212576?pfm_carac=geladeira&pfm_page=search&pfm_pos=grid&pfm_type=search_page&offerId=6148cc8009c351890d96fd4f&buyboxToken=smartbuybox-acom-v2-8ea4d830-ba0f-41c5-a618-b2510e8e2f2f-2021-10-15 12:08:32-0300;Americanas
Geladeira Frost Free Bottom Freezer Inverter Branco 454 Litros (ib53);17;3899.0;https://www.americanas.com.br/produto/36911078?pfm_carac=geladeira&pfm_page=search&pfm_pos=grid&pfm_type=search_page&offerId=5bbd1f25172743a0f508657c;Americanas
Refrigerador Midea Top Mount Freezer 480 litros 2 Portas e Degelo Automático;0;3368.7;https://www.americanas.com.br/produto/2606192692?pfm_carac=geladeira&pfm_page=search&pfm_pos=grid&pfm_type=search_page&offerId=5fc7a7c10c07044266d1c195;Americanas
Refrigerador Panasonic BT55 Top Freezer 2 Portas Frost Free 483 Litros Branco 127V NR-BT55PV2WA;0;3202.83;https://www.americanas.com.br/produto/3455456397?pfm_carac=geladeira&pfm_page=search&pfm_pos=grid&pfm_type=search_page&offerId=60d4914052131c3c813b4ec5;Americanas
Geladeira/Refrigerador Inverter 554 Litros Philco PRF600I Inox 127V;0;5202.91;https://www.americanas.com.br/produto/3971436405?pfm_carac=geladeira&pfm_page=search&pfm_pos=grid&pfm_type=search_page&offerId=614e181309c351890d493d24;Americanas
Refrigerador Midea Multidoor 482 Litros Inverter RF5561;1;5427.9;https://www.americanas.com.br/produto/2606191577?pfm_carac=geladeira&pfm_page=search&pfm_pos=grid&pfm_type=search_page&offerId=5fc7a7aa0c07044266d1899e;Americanas
Refrigerador Samsung French Door 501 Litros Frost Free Inox – 127 Volts;0;16599.0;https://www.americanas.com.br/produto/1575743833?pfm_carac=geladeira&pfm_page=search&pfm_pos=grid&pfm_type=search_page&offerId=5e74d52279bf8430cb15a172;Americanas
Geladeira/Refrigerador Continental Frost Free Duplex Prata 370 Litros (TC41S);0;2699.0;https://www.americanas.com.br/produto/3931623687?pfm_carac=geladeira&pfm_page=search&pfm_pos=grid&pfm_type=search_page&offerId=6144d7d709c351890d9f72a8;Americanas
Refrigerador Panasonic BB53 Inverter Bottom Freezer 425L 2 Portas Preto Frost Free NR-BB53GV3B;0;4199.0;https://www.americanas.com.br/produto/4073376105?pfm_carac=geladeira&pfm_page=search&pfm_pos=grid&pfm_type=search_page&offerId=615dab1c09c351890df16fb6;Americanas
Geladeira 31 Litros Portátil Bivolt;0;2669.0;https://www.americanas.com.br/produto/2607629711?pfm_carac=geladeira&pfm_page=search&pfm_pos=grid&pfm_type=search_page&offerId=5fd771a70c070442667c71c9;Americanas
Geladeira Continetal Automática Frost Free 2 Portas TC56 472 Litros;0;3061.85;https://www.americanas.com.br/produto/2014200417?pfm_carac=geladeira&pfm_page=search&pfm_pos=grid&pfm_type=search_page&offerId=5f4e66abcc79e88b86202015&buyboxToken=smartbuybox-acom-v2-d046e1dd-3982-4fff-864b-9a6105e7c9eb-2021-10-15 12:09:12-0300;Americanas
Geladeira/Refrigerador Samsung French Door RF22R7351SR Inox Look 501L Smart (Wi-Fi) com FlexZone;0;17238.32;https://www.americanas.com.br/produto/1733510008?pfm_carac=geladeira&pfm_page=search&pfm_pos=grid&pfm_type=search_page&offerId=60d08b8152131c3c8177d0cc&buyboxToken=smartbuybox-acom-v2-256b0650-e367-4d79-81fc-78a15068b3ac-2021-10-15 12:09:12-0300;Americanas
Geladeira Electrolux Frost Free RFE39 322 Litros Branca 110V;0;1968.54;https://www.americanas.com.br/produto/1850142443?pfm_carac=geladeira&pfm_page=search&pfm_pos=grid&pfm_type=search_page&offerId=5f1867b879bf8430cb15740c;Americanas
Geladeira Electrolux Frost Free Top Freezer 2 Portas TF56 474 Litros;1;3457.05;https://www.americanas.com.br/produto/1349785138?pfm_carac=geladeira&pfm_page=search&pfm_pos=grid&pfm_type=search_page&offerId=5f7b8eb91b186381b5a48000;Americanas
Refrigerador Panasonic BT40 387L 2 Portas Branco Frost Free 127V NR-BT40BD1WA;2;2751.14;https://www.americanas.com.br/produto/3316554333?pfm_carac=geladeira&pfm_page=search&pfm_pos=grid&pfm_type=search_page&offerId=60ab939752131c3c814d4ac9;Americanas
Geladeira Continental Frost Free Branco 370 Litros (TC41);0;2499.0;https://www.americanas.com.br/produto/3931616090?pfm_carac=geladeira&pfm_page=search&pfm_pos=grid&pfm_type=search_page&offerId=6144d71a09c351890d9e837d;Americanas
Geladeira Inverse Brastemp 419 Litros Frost Free Preto BRY59BE - 110V;0;6567.77;https://www.americanas.com.br/produto/3587357307?pfm_carac=geladeira&pfm_page=search&pfm_pos=grid&pfm_type=search_page&offerId=60f9b12852131c3c81b99b72;Americanas
Refrigerador Electrolux Frost Free Inverter 454 Litros Inox IB53X - 220 Volts;0;4673.16;https://www.americanas.com.br/produto/3726148750?pfm_carac=geladeira&pfm_page=search&pfm_pos=grid&pfm_type=search_page&offerId=611a80f909c351890d90d38f;Americanas
Geladeira Frost Free Electrolux DF44 402 Litros Duplex Branca 110V;1;3009.14;https://www.americanas.com.br/produto/2702941391?pfm_carac=geladeira&pfm_page=search&pfm_pos=grid&pfm_type=search_page&offerId=5fec79690c0704426673d523;Americanas
Refrigerador Panasonic NR-BB53GV3WAB 425L White Glass;1;0.0;https://www.americanas.com.br/produto/2449594152?pfm_carac=geladeira&pfm_page=search&pfm_pos=grid&pfm_type=search_page&offerId=[object Object];Americanas
Refrigerador Panasonic BB53 Inverter Bottom Freezer 425L 220V 2 Portas Preto Frost Free NR-BB53GV3BB;0;4427.8;https://www.americanas.com.br/produto/3281954926?pfm_carac=geladeira&pfm_page=search&pfm_pos=grid&pfm_type=search_page&offerId=609d109d52131c3c81db3600;Americanas
Refrigerador Brastemp Frost Free Duplex 375 Litros com Compartimento Extrafrio Inox BRM44HK – 220 Volts;0;2948.08;https://www.americanas.com.br/produto/2765639949?pfm_carac=geladeira&pfm_page=search&pfm_pos=grid&pfm_type=search_page&offerId=6143fd4b09c351890dc32d8c;Americanas
Geladeira / Refrigerador Brastemp Frost Free Clean BRM39 352L Branco;351;3136.63;https://www.americanas.com.br/produto/7112342?pfm_carac=geladeira&pfm_page=search&pfm_pos=grid&pfm_type=search_page&offerId=598a0fdc1f09073c7ea92c80&buyboxToken=smartbuybox-acom-v2-19925683-a69c-4215-94ab-aa2258ea9fb9-2021-10-15 12:09:12-0300;Americanas
Geladeira/Refrigerador Samsung French Door RF23R6301SR Inox Look 530L Smart (Wi-Fi) com Food Showcase;0;22313.0;https://www.americanas.com.br/produto/1734947674?pfm_carac=geladeira&pfm_page=search&pfm_pos=grid&pfm_type=search_page&offerId=5f1594de79bf8430cbe6097c;Americanas
Geladeira Brastemp Frost Free Inverse 443 Litros Inox 110v;0;4223.12;https://www.americanas.com.br/produto/3231231181?pfm_carac=geladeira&pfm_page=search&pfm_pos=grid&pfm_type=search_page&offerId=6165032e09c351890dea764b;Americanas
Geladeira Brastemp 375 Litros Frost Free Duplex 220V 220V;0;2699.1;https://www.americanas.com.br/produto/3484757359?pfm_carac=geladeira&pfm_page=search&pfm_pos=grid&pfm_type=search_page&offerId=60de165352131c3c81144ee7;Americanas
Geladeira Frost Free Electrolux TF55 431 Litros Duplex Top Freezer Branca 110V;0;2923.14;https://www.americanas.com.br/produto/2702941155?pfm_carac=geladeira&pfm_page=search&pfm_pos=grid&pfm_type=search_page&offerId=5fec79690c0704426673d581;Americanas
Geladeira/Refrigerador Inverse Frost Free 443L Brastemp BRE57AK Inox 127V;0;4259.12;https://www.americanas.com.br/produto/2966050591?pfm_carac=geladeira&pfm_page=search&pfm_pos=grid&pfm_type=search_page&offerId=603e558a0c07044266963fa2;Americanas
Geladeira Consul 261 litros Degelo Seco com Gavetão Hortifruti 220V 220V;0;1529.1;https://www.americanas.com.br/produto/3104799064?pfm_carac=geladeira&pfm_page=search&pfm_pos=grid&pfm_type=search_page&offerId=6144d6a909c351890d9dc9d6;Americanas
Geladeira e Refrigrador Britânia Side By Side 434l 127v;0;4399.91;https://www.americanas.com.br/produto/3306093271?pfm_carac=geladeira&pfm_page=search&pfm_pos=grid&pfm_type=search_page&offerId=61656df009c351890d818f58;Americanas
Refrigerador Brastemp Inverse 419L 3 Portas Frost Free Inox 127V BRY59BK;0;5935.47;https://www.americanas.com.br/produto/3281956112?pfm_carac=geladeira&pfm_page=search&pfm_pos=grid&pfm_type=search_page&offerId=609d10f752131c3c81dba6ea;Americanas
Refrigerador Consul Domest 397L 2 Portas FF Branco 127V;0;3343.23;https://www.americanas.com.br/produto/3153096584?pfm_carac=geladeira&pfm_page=search&pfm_pos=grid&pfm_type=search_page&offerId=6074b5210c07044266fb48b9;Americanas
Refrigerador Brastemp Inverse 419L 3 Portas Frost Free Preto 127V BRY59BE;1;6218.15;https://www.americanas.com.br/produto/3394593266?pfm_carac=geladeira&pfm_page=search&pfm_pos=grid&pfm_type=search_page&offerId=60c372c952131c3c8129a316;Americanas
Refrigerador Brastemp Frost Free Duplex 462 Litros com Turbo Control Inox BRM56AK – 127 Volts;0;3908.21;https://www.americanas.com.br/produto/2765641723?pfm_carac=geladeira&pfm_page=search&pfm_pos=grid&pfm_type=search_page&offerId=6143fa4809c351890db73d0c;Americanas
Geladeira French Door Electrolux Com Dispenser De Água E Gelo Na Porta 538l Inox (dm85x);0;15579.0;https://www.americanas.com.br/produto/36711884?pfm_carac=geladeira&pfm_page=search&pfm_pos=grid&pfm_type=search_page&offerId=5b15b738172743a0f56ef7a2;Americanas
Refrigerador Electrolux Frost Free 371 Litros DFX41 - 127 Volts;1;2887.97;https://www.americanas.com.br/produto/1948511139?pfm_carac=geladeira&pfm_page=search&pfm_pos=grid&pfm_type=search_page&offerId=5f3d8e25cc79e88b86f19423;Americanas
Geladeira Midea 425 Litros Frost Free Duplex Inox 220V;0;2960.1;https://www.americanas.com.br/produto/3667899350?pfm_carac=geladeira&pfm_page=search&pfm_pos=grid&pfm_type=search_page&offerId=614a846a09c351890dd76e9e;Americanas
Geladeira Electrolux Automático French Door Inverter 4 Portas DM91X 540 Litros;0;16999.0;https://www.americanas.com.br/produto/650831308?pfm_carac=geladeira&pfm_page=search&pfm_pos=grid&pfm_type=search_page&offerId=5f319cff76454e40ca2f09fc;Americanas
Prateleira Acrílica para Refrigeradores Continental Original;3;43.99;https://www.americanas.com.br/produto/22734628?pfm_carac=geladeira&pfm_page=search&pfm_pos=grid&pfm_type=search_page&offerId=58f749296a5b96816f14f01b&buyboxToken=smartbuybox-acom-v2-695d06f8-071a-4bbe-bfa2-0700cc53834c-2021-10-15 12:09:12-0300;Americanas
Geladeira 400L Brastemp BRM54HB Branca 220V;0;3101.5;https://www.americanas.com.br/produto/2966736606?pfm_carac=geladeira&pfm_page=search&pfm_pos=grid&pfm_type=search_page&offerId=603ea52c0c070442660cd208;Americanas
Geladeira Samsung Frost Free Duplex BAROSA com Smart Sensor e Dispenser de Água 432L Inox Look;0;6693.0;https://www.americanas.com.br/produto/2998737321?pfm_carac=geladeira&pfm_page=search&pfm_pos=grid&pfm_type=search_page&offerId=604f9cb80c07044266933fe1;Americanas
3 Prateleiras Geladeira Refrigerador Electrolux FRT35/45/47;0;184.9;https://www.americanas.com.br/produto/2752039362?pfm_carac=geladeira&pfm_page=search&pfm_pos=grid&pfm_type=search_page&offerId=60a5129152131c3c81bd67aa;Americanas
Refrigerador Samsung 617 Litros 2 Portas Frost Free Side Inverse RS65R5411M9;0;12055.12;https://www.americanas.com.br/produto/3427342595?pfm_carac=geladeira&pfm_page=search&pfm_pos=grid&pfm_type=search_page&offerId=616842f909c351890dd16f8b;Americanas
Refrigerador Electrolux Frost Free 382 Litros Top Freezer Platinum TF42S – 127 Volts;0;3228.17;https://www.americanas.com.br/produto/2534239139?pfm_carac=geladeira&pfm_page=search&pfm_pos=grid&pfm_type=search_page&offerId=610c27c852131c3c8105352b;Americanas
Refrigerador French Door Inverter Quattro 482L Midea;0;6199.0;https://www.americanas.com.br/produto/2507227327?pfm_carac=geladeira&pfm_page=search&pfm_pos=grid&pfm_type=search_page&offerId=5faaa188c5c9bbe5fc680b56;Americanas
Refrigerador Philco Side By Side 437L Eco Inverter 127v;0;4399.91;https://www.americanas.com.br/produto/3374195068?pfm_carac=geladeira&pfm_page=search&pfm_pos=grid&pfm_type=search_page&offerId=613b430609c351890d90b1a6;Americanas
Refrigerador Smart LG Side by Side 601 Litros Inverter com InstaView Door-in-Door e Hygiene Fresh Inox GC-X247CSBV – 127 Volts;0;16641.08;https://www.americanas.com.br/produto/2728234336?pfm_carac=geladeira&pfm_page=search&pfm_pos=grid&pfm_type=search_page&offerId=6112733d549cd5594fd84bb9;Americanas
Geladeira Top Freezer Electrolux 382 Litros Frost Free Branca TF42 - 220V;0;3044.1;https://www.americanas.com.br/produto/3587580402?pfm_carac=geladeira&pfm_page=search&pfm_pos=grid&pfm_type=search_page&offerId=60f9c70552131c3c81df6504;Americanas
Geladeira Frost Free Electrolux 540 Litros Inverter Inox Wi-fi DM91X 110v;0;18499.9;https://www.americanas.com.br/produto/3219353636?pfm_carac=geladeira&pfm_page=search&pfm_pos=grid&pfm_type=search_page&offerId=6087115852131c3c81a71814;Americanas
Refrigerador Electrolux Inverter Top Freezer 431L Platinum 127V IF55S;0;3955.14;https://www.americanas.com.br/produto/2283168937?pfm_carac=geladeira&pfm_page=search&pfm_pos=grid&pfm_type=search_page&offerId=5f86e92e1b186381b505140f;Americanas
Mini Geladeira Portátil 12V 4 Litros 220V Branco TV010 Multilaser;0;378.09;https://www.americanas.com.br/produto/1236607731?pfm_carac=geladeira&pfm_page=search&pfm_pos=grid&pfm_type=search_page&offerId=609e8d1a52131c3c813098c4;Americanas
Refrigerador Electrolux Inverter 431 Litros Platinum IF55S - 220 Volts;0;3721.9;https://www.americanas.com.br/produto/1918466971?pfm_carac=geladeira&pfm_page=search&pfm_pos=grid&pfm_type=search_page&offerId=5f7799c11b186381b564e742;Americanas
Geladeira Brastemp 375 Litros Frost Free Duplex Branca 220V;0;2789.1;https://www.americanas.com.br/produto/4042344936?pfm_carac=geladeira&pfm_page=search&pfm_pos=grid&pfm_type=search_page&offerId=61559f2c09c351890de30f35;Americanas
BLACK+DECKER Mini Geladeira Portátil para Carro 6 Litros 12VCC;0;539.0;https://www.americanas.com.br/produto/2586404440?pfm_carac=geladeira&pfm_page=search&pfm_pos=grid&pfm_type=search_page&offerId=606324930c07044266ede542&buyboxToken=smartbuybox-acom-v2-7d0fd497-1942-415c-9ea9-e758d8575f48-2021-10-15 12:09:49-0300;Americanas
Geladeira Consul Cycle Defrost Duplex 334 Litros CRD37EB;0;2199.0;https://www.americanas.com.br/produto/3072040175?pfm_carac=geladeira&pfm_page=search&pfm_pos=grid&pfm_type=search_page&offerId=605dc2490c07044266d979c0;Americanas
Refrigerador Electrolux Top Freezer 474L Platinum 220V TF56S;0;3673.98;https://www.americanas.com.br/produto/4043399066?pfm_carac=geladeira&pfm_page=search&pfm_pos=grid&pfm_type=search_page&offerId=6155d41509c351890d5f8915;Americanas
Refrigerador Brastemp Frost Free Duplex 462 Litros com Turbo Control Branca BRM56AB – 220 Volts;0;3647.39;https://www.americanas.com.br/produto/2765641424?pfm_carac=geladeira&pfm_page=search&pfm_pos=grid&pfm_type=search_page&offerId=6143fa3709c351890db6f845;Americanas
Geladeira/refrigerador Frost Free Nr-bb53pv3xa 425 Litros Aço Escovado Panasonic;0;4639.0;https://www.americanas.com.br/produto/1797321468?pfm_carac=geladeira&pfm_page=search&pfm_pos=grid&pfm_type=search_page&offerId=5fdb414b0c070442661bd030&buyboxToken=smartbuybox-acom-v2-f494a609-95b7-4770-b406-3ac8a4820e40-2021-10-15 12:08:20-0300;Americanas
Geladeira Frost Free Electrolux TF56 474 Litros Duplex Top Freezer Branca 110V;0;3241.34;https://www.americanas.com.br/produto/2702941139?pfm_carac=geladeira&pfm_page=search&pfm_pos=grid&pfm_type=search_page&offerId=5fec79690c0704426673d5ea;Americanas
Refrigerador Smart LG Side By Side 601 Litros Inox 220V GC-L247SLUV;0;9421.92;https://www.americanas.com.br/produto/3931985856?pfm_carac=geladeira&pfm_page=search&pfm_pos=grid&pfm_type=search_page&offerId=6144e1d009c351890db11070;Americanas
Geladeira Midea 425 Litros Frost Free Duplex Inox 110V;0;2960.1;https://www.americanas.com.br/produto/3667893847?pfm_carac=geladeira&pfm_page=search&pfm_pos=grid&pfm_type=search_page&offerId=613bcbed09c351890dff9f24;Americanas
Mini Geladeira Multilaser 4L 12V TV009 Branca - 127V;0;399.9;https://www.americanas.com.br/produto/2026584526?pfm_carac=geladeira&pfm_page=search&pfm_pos=grid&pfm_type=search_page&offerId=613ca2e309c351890df6deb9&buyboxToken=smartbuybox-acom-v2-927c4220-4c54-4b24-94b7-fa07067c655c-2021-10-15 12:09:49-0300;Americanas
Geladeira Smart Lg Side By Side 601 Litros Com Moist Balance Crisper™ E Compressor Linear Inverter™;0;8329.9;https://www.americanas.com.br/produto/3918626752?pfm_carac=geladeira&pfm_page=search&pfm_pos=grid&pfm_type=search_page&offerId=6167491609c351890d5528ff&buyboxToken=smartbuybox-acom-v2-bb2e7ae3-6e66-43a2-8a71-dd8c7dc0c4bf-2021-10-15 12:09:49-0300;Americanas
Mini Geladeira 15 Litros preta Mini Cool;0;999.0;https://www.americanas.com.br/produto/36649330?pfm_carac=geladeira&pfm_page=search&pfm_pos=grid&pfm_type=search_page&offerId=60fac44552131c3c81af3ab7;Americanas
Refrigerador Frigobar 82 Litros 1 Porta Venax NGV 10 Branco 220V;0;1259.28;https://www.americanas.com.br/produto/1260390447?pfm_carac=geladeira&pfm_page=search&pfm_pos=grid&pfm_type=search_page&offerId=5f11b79179bf8430cbbc81bf&buyboxToken=smartbuybox-acom-v2-c0108f3c-c5d5-43d1-b760-a4ac91cfabfe-2021-10-15 12:09:49-0300;Americanas
Mini Geladeira Portátil Frigobar 4 Litros Branca TV010 220v - Multilaser;0;379.9;https://www.americanas.com.br/produto/3292942576?pfm_carac=geladeira&pfm_page=search&pfm_pos=grid&pfm_type=search_page&offerId=60cb3a8552131c3c814a4577;Americanas
Refrigerador Midea 2 Portas Top Mount Freezer 480 Litros RT5072;0;3368.7;https://www.americanas.com.br/produto/3072083239?pfm_carac=geladeira&pfm_page=search&pfm_pos=grid&pfm_type=search_page&offerId=605dc2490c07044266d97a5e;Americanas
Geladeira Samsung RS50N Frost Free Side by Side com Dispenser de Água e Gelo 501L Inox Look;0;10040.0;https://www.americanas.com.br/produto/3163650657?pfm_carac=geladeira&pfm_page=search&pfm_pos=grid&pfm_type=search_page&offerId=607725ee0c07044266acbb9c;Americanas
Termostato Refrigerador Consul Degelo Robertshaw;0;39.2;https://www.americanas.com.br/produto/36599402?pfm_carac=geladeira&pfm_page=search&pfm_pos=grid&pfm_type=search_page&offerId=60e396bf52131c3c814bc37c;Americanas
Refrigerador Electrolux 310L 2 Port Platinum Frost Free 127V;0;2665.14;https://www.americanas.com.br/produto/2058958692?pfm_carac=geladeira&pfm_page=search&pfm_pos=grid&pfm_type=search_page&offerId=615f7d5409c351890dadb3b0;Americanas
Geladeira Brastemp 375 Litros Frost Free Duplex Evox 220V 220V;0;3059.1;https://www.americanas.com.br/produto/3273338752?pfm_carac=geladeira&pfm_page=search&pfm_pos=grid&pfm_type=search_page&offerId=6156c9d209c351890ded6e8a;Americanas
Geladeira Electrolux RE31 240 Litros Cycle Defrost Degelo Prático 110V;0;1619.1;https://www.americanas.com.br/produto/4031159971?pfm_carac=geladeira&pfm_page=search&pfm_pos=grid&pfm_type=search_page&offerId=6154aab109c351890d2fe560;Americanas
Pé para Geladeira e Freezer com Corpo em Metal Galvanizado Prata 4 Peças;0;43.17;https://www.americanas.com.br/produto/2838394322?pfm_carac=geladeira&pfm_page=search&pfm_pos=grid&pfm_type=search_page&offerId=60178a4e0c070442668eeace;Americanas
Envelopamento De Geladeira Vinho Na Taça;0;166.14;https://www.americanas.com.br/produto/46665719?pfm_carac=geladeira&pfm_page=search&pfm_pos=grid&pfm_type=search_page&offerId=5f0f80e479bf8430cbc17b3c;Americanas
Geladeira Frost Free Continental TC56 472 Litros Duplex Branca 110V;0;2751.14;https://www.americanas.com.br/produto/2702960920?pfm_carac=geladeira&pfm_page=search&pfm_pos=grid&pfm_type=search_page&offerId=5fec7a8a0c0704426674f872;Americanas
Geladeira Consul 261 litros Degelo Seco com Gavetão Hortifruti 110V 110V;0;1529.1;https://www.americanas.com.br/produto/3104798985?pfm_carac=geladeira&pfm_page=search&pfm_pos=grid&pfm_type=search_page&offerId=614a145d09c351890dd37a64;Americanas
Mini Geladeira 15 Litros Vermelha - Mini Refrigerador;0;999.0;https://www.americanas.com.br/produto/32751097?pfm_carac=geladeira&pfm_page=search&pfm_pos=grid&pfm_type=search_page&offerId=61437cc909c351890d1ddb7e;Americanas
Refrigerador French Door Philco PRF380I Eco Friendly Inverter 299L;0;4473.0;https://www.americanas.com.br/produto/3448903697?pfm_carac=geladeira&pfm_page=search&pfm_pos=grid&pfm_type=search_page&offerId=60e4b0c352131c3c81a6a41b;Americanas
Pé para Geladeira Freezer e Fogão com Corpo em Aço Branco 4 Peças;0;30.74;https://www.americanas.com.br/produto/2838390524?pfm_carac=geladeira&pfm_page=search&pfm_pos=grid&pfm_type=search_page&offerId=601789f40c070442668e6eeb;Americanas
Geladeira Refrigerador Brastemp 460 Litros 2 Portas Frost Free Inverse BRE59AK;0;6759.0;https://www.americanas.com.br/produto/95780061?pfm_carac=geladeira&pfm_page=search&pfm_pos=grid&pfm_type=search_page&offerId=5fca4b330c07044266c46e94&buyboxToken=smartbuybox-acom-v2-fdacf7a2-6d72-4153-b91a-e4e3faafd621-2021-10-15 12:09:49-0300;Americanas
Refrigerador Electrolux Top Freezer 431 Litros Frost free TF55S – 220 Volts;0;3422.12;https://www.americanas.com.br/produto/3444061656?pfm_carac=geladeira&pfm_page=search&pfm_pos=grid&pfm_type=search_page&offerId=60d1cef452131c3c819b0c60;Americanas
Prateleira do Congelador Consul para Refrigerador W10246170;1;24.13;https://www.americanas.com.br/produto/3581000665?pfm_carac=geladeira&pfm_page=search&pfm_pos=grid&pfm_type=search_page&offerId=60f8d6c852131c3c817843dc;Americanas
Prateleira Refrigerador Bosch Continental 360 370 380 50x34;0;49.49;https://www.americanas.com.br/produto/2475767096?pfm_carac=geladeira&pfm_page=search&pfm_pos=grid&pfm_type=search_page&offerId=5fa28f08c5c9bbe5fc76770a;Americanas
Geladeira Inverse Frost Free 443l Brastemp Bre57ak Inox 220V;0;4135.99;https://www.americanas.com.br/produto/4051560737?pfm_carac=geladeira&pfm_page=search&pfm_pos=grid&pfm_type=search_page&offerId=615ebbec09c351890d079080;Americanas
Geladeira Frigobar Portátil Caminhão Cab 31 Bivolt 12/24v 29 Litros Elber;0;2949.49;https://www.americanas.com.br/produto/1486036660?pfm_carac=geladeira&pfm_page=search&pfm_pos=grid&pfm_type=search_page&offerId=5e348d741729c3bbf134d30c;Americanas
Mini Geladeira Multilaser Retro Trivolt 4l Vermelha Tv007;0;515.0;https://www.americanas.com.br/produto/3521481364?pfm_carac=geladeira&pfm_page=search&pfm_pos=grid&pfm_type=search_page&offerId=60e8605052131c3c8117132f;Americanas
Geladeira/Refrigerador Continental Frost Free Duplex Branca 394 Litros (TC44);0;3339.0;https://www.americanas.com.br/produto/3931632541?pfm_carac=geladeira&pfm_page=search&pfm_pos=grid&pfm_type=search_page&offerId=6144d8b309c351890da09a12;Americanas
Mini Geladeira Multilaser Retrô Trivolt 4L Vermelha TV007;0;371.27;https://www.americanas.com.br/produto/3320334501?pfm_carac=geladeira&pfm_page=search&pfm_pos=grid&pfm_type=search_page&offerId=60ace45552131c3c812a86ab;Americanas
Termofusível 77 graus Celsius W10257565 Bivolt original Bivolt para refrigeradores Frost Free Brastemp e Consul;0;38.45;https://www.americanas.com.br/produto/3707962511?pfm_carac=geladeira&pfm_page=search&pfm_pos=grid&pfm_type=search_page&offerId=61151dcd549cd5594f4e99ab;Americanas
Prateleira Extra Grande Refrigerador Electrolux - 77490735;0;118.49;https://www.americanas.com.br/produto/465433607?pfm_carac=geladeira&pfm_page=search&pfm_pos=grid&pfm_type=search_page&offerId=6103ef8a52131c3c81e7c33d;Americanas
Geladeira Frost Free Electrolux TF55S 431 Litros Duplex Top Freezer Platinum 110V;2;3396.14;https://www.americanas.com.br/produto/2702965288?pfm_carac=geladeira&pfm_page=search&pfm_pos=grid&pfm_type=search_page&offerId=5fec7ac30c070442667536dd;Americanas
Mini Geladeira Retrô 6 Litros Branca Tv012 Multilaser;0;591.85;https://www.americanas.com.br/produto/3000759578?pfm_carac=geladeira&pfm_page=search&pfm_pos=grid&pfm_type=search_page&offerId=604928260c07044266495dd7;Americanas
Geladeira universal portatil veiculos/residências quadrivolt;0;2551.98;https://www.americanas.com.br/produto/3677289336?pfm_carac=geladeira&pfm_page=search&pfm_pos=grid&pfm_type=search_page&offerId=610d2e3152131c3c815cdcf0;Americanas
Refrigerador Midea Top Mount Freezer 425L;0;3329.1;https://www.americanas.com.br/produto/2570271401?pfm_carac=geladeira&pfm_page=search&pfm_pos=grid&pfm_type=search_page&offerId=5fb6d20e762ff36719ed104f;Americanas
Refrigerador Panasonic BT50 Top Freezer 2 Portas Frost Free 435L Aço Escovado 220V NR-BT50BD3XB;0;3108.6;https://www.americanas.com.br/produto/3931926590?pfm_carac=geladeira&pfm_page=search&pfm_pos=grid&pfm_type=search_page&offerId=6144dfa809c351890dad15e1;Americanas
Geladeira 18 Litros Portátil;0;2299.0;https://www.americanas.com.br/produto/1691872659?pfm_carac=geladeira&pfm_page=search&pfm_pos=grid&pfm_type=search_page&offerId=5eb1c55479bf8430cb69728e&buyboxToken=smartbuybox-acom-v2-264148a6-010a-4a77-baf0-80b309c6ada4-2021-10-15 12:09:49-0300;Americanas
Pé Nivelador Refrigerador Cervejeira Verticais Metalfrio Uni;0;12.0;https://www.americanas.com.br/produto/3354177161?pfm_carac=geladeira&pfm_page=search&pfm_pos=grid&pfm_type=search_page&offerId=60b6791e52131c3c81e3b716;Americanas
Termostato Original Refrigerador Electrolux - A05441301;0;67.2;https://www.americanas.com.br/produto/466364252?pfm_carac=geladeira&pfm_page=search&pfm_pos=grid&pfm_type=search_page&offerId=6103edf452131c3c81e3de1f;Americanas
04 Pé Nivelador Refrigerador Cervejeira Verticais Metalfrio;0;28.0;https://www.americanas.com.br/produto/3354176901?pfm_carac=geladeira&pfm_page=search&pfm_pos=grid&pfm_type=search_page&offerId=60b6790f52131c3c81e38f62;Americanas
Mini Geladeira Retrô Multilaser 4L TV007 Vermelha - Bivolt;0;516.63;https://www.americanas.com.br/produto/2112237635?pfm_carac=geladeira&pfm_page=search&pfm_pos=grid&pfm_type=search_page&offerId=6050dced0c070442663159b1&buyboxToken=smartbuybox-acom-v2-165aeb25-f7d1-4030-a394-c975dd4b336e-2021-10-15 12:09:49-0300;Americanas
Mini Geladeira Portátil Multilaser 4L 12V;0;449.0;https://www.americanas.com.br/produto/3328334768?pfm_carac=geladeira&pfm_page=search&pfm_pos=grid&pfm_type=search_page&offerId=60aec3db52131c3c81c59683;Americanas
Refrigerador Electrolux Cycle Defrost 2 Portas 260 Litros DC35A 220V;0;2159.01;https://www.americanas.com.br/produto/3914049724?pfm_carac=geladeira&pfm_page=search&pfm_pos=grid&pfm_type=search_page&offerId=614267b609c351890de6ef77;Americanas
Termostato TSV0007-09 Original Refrigerador Electrolux - 64778655;0;130.61;https://www.americanas.com.br/produto/102751780?pfm_carac=geladeira&pfm_page=search&pfm_pos=grid&pfm_type=search_page&offerId=5d3a2d2ff216c95bde93e8c6;Americanas
Termostato TSV1017 Refrigerador Consul 1 Porta - 280L;0;70.14;https://www.americanas.com.br/produto/1556852209?pfm_carac=geladeira&pfm_page=search&pfm_pos=grid&pfm_type=search_page&offerId=6103eaf052131c3c81dab9b7;Americanas
Geladeira Frost Free Consul CRB36AB 300 Litros Branca 110V;0;1977.14;https://www.americanas.com.br/produto/3136951884?pfm_carac=geladeira&pfm_page=search&pfm_pos=grid&pfm_type=search_page&offerId=606f69ee0c070442664309c5;Americanas
Mini Geladeira 15 Litros branca Mini Cool;1;999.0;https://www.americanas.com.br/produto/34032486?pfm_carac=geladeira&pfm_page=search&pfm_pos=grid&pfm_type=search_page&offerId=612fd9db09c351890d6152fb;Americanas
Refrigerador Consul Domest 397L 2 Portas FF Branco 220V;0;3343.23;https://www.americanas.com.br/produto/3816047514?pfm_carac=geladeira&pfm_page=search&pfm_pos=grid&pfm_type=search_page&offerId=6129437b09c351890dfe428a;Americanas
Damper Eletrônico 220V Original Refrigerador Brastemp - W10459326;0;200.71;https://www.americanas.com.br/produto/206841147?pfm_carac=geladeira&pfm_page=search&pfm_pos=grid&pfm_type=search_page&offerId=5fd7ca4b0c0704426600e560;Americanas
Termostato TSV9003-09 Original Refrigerador Electrolux - 64778675;0;160.31;https://www.americanas.com.br/produto/102751796?pfm_carac=geladeira&pfm_page=search&pfm_pos=grid&pfm_type=search_page&offerId=5d80d63df216c95bded18ddf;Americanas
Mini Geladeira Retrô Multilaser 4L TV007 Vermelha - Bivolt;0;516.63;https://www.americanas.com.br/produto/2146395228?pfm_carac=geladeira&pfm_page=search&pfm_pos=grid&pfm_type=search_page&offerId=6050dcc00c07044266311c00&buyboxToken=smartbuybox-acom-v2-940236f0-9377-4b5b-9398-9a342d72598d-2021-10-15 12:10:24-0300;Americanas
Prateleira Winner para geladeira Consul 326063836;0;79.97;https://www.americanas.com.br/produto/1760715623?pfm_carac=geladeira&pfm_page=search&pfm_pos=grid&pfm_type=search_page&offerId=5ee003e679bf8430cbdaa61e;Americanas
Kit Com 2 Carvão Ativado Anti Odor BBI Odorless Geladeiras;0;51.28;https://www.americanas.com.br/produto/2774857948?pfm_carac=geladeira&pfm_page=search&pfm_pos=grid&pfm_type=search_page&offerId=6005d59a0c07044266aa8205;Americanas
Termostato TSV0011 Refrigerador Electrolux;0;113.43;https://www.americanas.com.br/produto/2066345335?pfm_carac=geladeira&pfm_page=search&pfm_pos=grid&pfm_type=search_page&offerId=6103eb7852131c3c81dc3710;Americanas
12 Pé Nivelador Refrigerador Cervejeira Verticais Metalfrio;0;52.0;https://www.americanas.com.br/produto/3354177381?pfm_carac=geladeira&pfm_page=search&pfm_pos=grid&pfm_type=search_page&offerId=60b6791d52131c3c81e3b351;Americanas
Pé Nivelador para Geladeira e Freezer Consul- W10388134;0;8.2;https://www.americanas.com.br/produto/1990916041?pfm_carac=geladeira&pfm_page=search&pfm_pos=grid&pfm_type=search_page&offerId=5f495805cc79e88b86176232;Americanas
Kit 4 Carvão Ativado Para Geladeira Remoção De Cheiro Odor Bbi Odorless Desodorizador;0;102.07;https://www.americanas.com.br/produto/2455769650?pfm_carac=geladeira&pfm_page=search&pfm_pos=grid&pfm_type=search_page&offerId=5fa0afe9c5c9bbe5fc6a7478;Americanas
Termostato TSV-0013-01 Original Refrigerador Consul - W11082462;0;129.17;https://www.americanas.com.br/produto/102751772?pfm_carac=geladeira&pfm_page=search&pfm_pos=grid&pfm_type=search_page&offerId=5d3a2882f216c95bde8d4e19;Americanas
Damper Termostato Refrigerador Brastemp Consul Brm50 Crm50;0;108.0;https://www.americanas.com.br/produto/3775739169?pfm_carac=geladeira&pfm_page=search&pfm_pos=grid&pfm_type=search_page&offerId=61240b3709c351890dc66d70;Americanas
08 Pé Nivelador Refrigerador Cervejeira Verticais Metalfrio;0;39.0;https://www.americanas.com.br/produto/3354177145?pfm_carac=geladeira&pfm_page=search&pfm_pos=grid&pfm_type=search_page&offerId=60b6791d52131c3c81e3b2f4;Americanas
BLACK+DECKER Mini Geladeira Viagem 33 Litros Esfria e Aquece BDC33I-lA 12v;0;1103.0;https://www.americanas.com.br/produto/3030831972?pfm_carac=geladeira&pfm_page=search&pfm_pos=grid&pfm_type=search_page&offerId=6063401d0c070442661cd10d&buyboxToken=smartbuybox-acom-v2-0eb5d313-ea55-4436-b205-7f9444e61536-2021-10-15 12:10:24-0300;Americanas
Termostato RC135092p Refrigerador - Electrolux;0;69.0;https://www.americanas.com.br/produto/1325379047?pfm_carac=geladeira&pfm_page=search&pfm_pos=grid&pfm_type=search_page&offerId=5dd812781729c3bbf1ec95a8;Americanas
Termostato 238C4509P001 Compatível Refrigerador Continental;0;43.7;https://www.americanas.com.br/produto/3633790866?pfm_carac=geladeira&pfm_page=search&pfm_pos=grid&pfm_type=search_page&offerId=6103eb3352131c3c81db7f31;Americanas
Termostato para Refrigeradores Consul Rc-1201-4;0;85.0;https://www.americanas.com.br/produto/31390190?pfm_carac=geladeira&pfm_page=search&pfm_pos=grid&pfm_type=search_page&offerId=5ca4d629f216c95bde984c71;Americanas
20 Pé Nivelador Refrigerador Cervejeira Verticais Metalfrio;0;120.0;https://www.americanas.com.br/produto/3354177129?pfm_carac=geladeira&pfm_page=search&pfm_pos=grid&pfm_type=search_page&offerId=60b6791d52131c3c81e3b3bd;Americanas
Damper mecânico termostático W11091875 Bivolt original para refrigeradores Brastemp e Consul;0;148.5;https://www.americanas.com.br/produto/3707661953?pfm_carac=geladeira&pfm_page=search&pfm_pos=grid&pfm_type=search_page&offerId=611515d7549cd5594f3c3ebd;Americanas
Termostato Original Refrigerador Electrolux - 64786945;0;121.57;https://www.americanas.com.br/produto/103933462?pfm_carac=geladeira&pfm_page=search&pfm_pos=grid&pfm_type=search_page&offerId=6158416f09c351890d31f38f;Americanas
Pé Geladeira Fogão Branco Redondo Pratic;0;59.9;https://www.americanas.com.br/produto/4058613192?pfm_carac=geladeira&pfm_page=search&pfm_pos=grid&pfm_type=search_page&offerId=6158867009c351890d99623b;Americanas
Termostato tango TSV200401 W11082454 original para refrigeradores Brastemp e Consul;0;125.0;https://www.americanas.com.br/produto/3707615391?pfm_carac=geladeira&pfm_page=search&pfm_pos=grid&pfm_type=search_page&offerId=6115153e549cd5594f3b030f;Americanas
Refrigerador Electrolux Degelo Prático RE31 com Controle de Temperatura 240L Branco;0;1569.0;https://www.americanas.com.br/produto/4073867908?pfm_carac=geladeira&pfm_page=search&pfm_pos=grid&pfm_type=search_page&offerId=615db01e09c351890dfcb790;Americanas
Mini Geladeira Multilaser Retro Trivolt 4L Vermelha - TV007;0;516.63;https://www.americanas.com.br/produto/2450267159?pfm_carac=geladeira&pfm_page=search&pfm_pos=grid&pfm_type=search_page&offerId=60386a590c070442669ac0a6&buyboxToken=smartbuybox-acom-v2-c735889b-b801-4ad2-be4d-499bab3b3bd7-2021-10-15 12:10:24-0300;Americanas
Prateleira Geladeira DF35 DFF37 DF41 DC45 DC46 DC47 DC49A DCW49 DFF39 DFF40 DFF44 DC47G DC48 DC49X;0;187.85;https://www.americanas.com.br/produto/204836643?pfm_carac=geladeira&pfm_page=search&pfm_pos=grid&pfm_type=search_page&offerId=5d69e0abf216c95bdedd0eb5;Americanas
Auto Close Cinza Inox Refrigerador Electrolux 67496272;0;6.5;https://www.americanas.com.br/produto/1869336395?pfm_carac=geladeira&pfm_page=search&pfm_pos=grid&pfm_type=search_page&offerId=5f2012d579bf8430cbbf8d69;Americanas
Damper Eletrônico Refrigerador Brastemp W10710771 220v Orig;0;232.0;https://www.americanas.com.br/produto/3844600727?pfm_carac=geladeira&pfm_page=search&pfm_pos=grid&pfm_type=search_page&offerId=6131716c09c351890d5c783c;Americanas
Damper Eletrônico 220v Geladeira Brastemp Brw50n W10710771;0;232.0;https://www.americanas.com.br/produto/3844600719?pfm_carac=geladeira&pfm_page=search&pfm_pos=grid&pfm_type=search_page&offerId=61317e2e09c351890d7789ca;Americanas
Gaxeta Refrigerador Brastemp Consul Pratice 340L 56X157 Rigida 326001585;0;185.04;https://www.americanas.com.br/produto/34482010?pfm_carac=geladeira&pfm_page=search&pfm_pos=grid&pfm_type=search_page&offerId=5ad7c6eb172743a0f515a1cc;Americanas
Pe GELADEIRA/FOGAO Metal C/RODIZIO Branco Overtime;0;36.99;https://www.americanas.com.br/produto/44890166?pfm_carac=geladeira&pfm_page=search&pfm_pos=grid&pfm_type=search_page&offerId=603927c20c07044266902082&buyboxToken=smartbuybox-acom-v2-20e88624-efc4-4a6f-b3e5-f40bc68a6d3e-2021-10-15 12:10:24-0300;Americanas
Refrigerador Electrolux Cycle Defrost 260L Branco DC35A 127v;0;1898.99;https://www.americanas.com.br/produto/4076338083?pfm_carac=geladeira&pfm_page=search&pfm_pos=grid&pfm_type=search_page&offerId=615df16f09c351890d9ff4bb;Americanas
Mini Geladeira 12v Para Carro Cooler Resfria Aquece Veicular Portátil Automotiva;0;228.2;https://www.americanas.com.br/produto/1746573104?pfm_carac=geladeira&pfm_page=search&pfm_pos=grid&pfm_type=search_page&offerId=5ed7f52879bf8430cbb322f8;Americanas
Damper Eletronico 220v Geladeira Brastemp W10257457 Bre50;0;199.0;https://www.americanas.com.br/produto/4019121523?pfm_carac=geladeira&pfm_page=search&pfm_pos=grid&pfm_type=search_page&offerId=6153273509c351890db5d84c;Americanas
Bimetal Refrigerador Brastemp Frost Free Brm37/43 Crm32/42;0;59.99;https://www.americanas.com.br/produto/25850840?pfm_carac=geladeira&pfm_page=search&pfm_pos=grid&pfm_type=search_page&offerId=5cddd4f5f216c95bdeaa5c41;Americanas
Termostato para Refrigerador Electrolux RE28 RE35;0;46.9;https://www.americanas.com.br/produto/3548840953?pfm_carac=geladeira&pfm_page=search&pfm_pos=grid&pfm_type=search_page&offerId=60f0438252131c3c81ad5093;Americanas
Damper Eletrônico 220v Geladeira Brastemp W10257457;0;199.0;https://www.americanas.com.br/produto/4019120993?pfm_carac=geladeira&pfm_page=search&pfm_pos=grid&pfm_type=search_page&offerId=615326b309c351890db4eb04;Americanas
Refrigerador Electrolux Frost Free Inverter 454 Litros Inox IB53X - 127 Volts;0;4673.52;https://www.americanas.com.br/produto/3927081969?pfm_carac=geladeira&pfm_page=search&pfm_pos=grid&pfm_type=search_page&offerId=6156a1b509c351890db01607;Americanas
Mini Geladeira 12v Para Carro Cooler Resfria Aquece Veicular Portátil Automotiva;0;228.27;https://www.americanas.com.br/produto/1746562616?pfm_carac=geladeira&pfm_page=search&pfm_pos=grid&pfm_type=search_page&offerId=5ed9050a79bf8430cb10e6ac;Americanas
Geladeira/Refrigerador Cycle Defrost 475 Litros Electrolux DC51 Branco 127V;0;3065.99;https://www.americanas.com.br/produto/3856182198?pfm_carac=geladeira&pfm_page=search&pfm_pos=grid&pfm_type=search_page&offerId=615cb57409c351890dd7ffa4;Americanas
Geladeira/Refrigerador Samsung 602 Litros RS65R5691M9 com Flexzone 3 Portas Frost Free Inox;0;13999.0;https://www.americanas.com.br/produto/2642675915?pfm_carac=geladeira&pfm_page=search&pfm_pos=grid&pfm_type=search_page&offerId=61154f21549cd5594fe36c17&buyboxToken=smartbuybox-acom-v2-8ea0a08c-ec3b-4777-8146-0e4b6cdd9325-2021-10-15 12:10:24-0300;Americanas
Geladeira Frost Free Consul CRE44AK 397 Litros Duplex Evox 220V;0;3585.34;https://www.americanas.com.br/produto/3279365209?pfm_carac=geladeira&pfm_page=search&pfm_pos=grid&pfm_type=search_page&offerId=609bc01a52131c3c819e7be7;Americanas
Prateleira Média Brastemp W10200122 para Geladeira;0;23.0;https://www.americanas.com.br/produto/1752840168?pfm_carac=geladeira&pfm_page=search&pfm_pos=grid&pfm_type=search_page&offerId=5eda605979bf8430cb9d8130;Americanas
Mini Geladeira Retrô Trivolt Multilaser 4L TV007;0;615.0;https://www.americanas.com.br/produto/3330260850?pfm_carac=geladeira&pfm_page=search&pfm_pos=grid&pfm_type=search_page&offerId=60af977b52131c3c81f9184e;Americanas
100 Pé Nivelador Refrigerador Cervejeira Verticais Metalfrio;0;470.0;https://www.americanas.com.br/produto/3354177188?pfm_carac=geladeira&pfm_page=search&pfm_pos=grid&pfm_type=search_page&offerId=60b6791e52131c3c81e3b5d6;Americanas
Refrigerador Midea Top Mount Freezer 480L;0;3599.1;https://www.americanas.com.br/produto/2522755056?pfm_carac=geladeira&pfm_page=search&pfm_pos=grid&pfm_type=search_page&offerId=5fad7258c5c9bbe5fc0bbdfa;Americanas
Refrigerador Ngv 10 Azul;0;1699.0;https://www.americanas.com.br/produto/2109723149?pfm_carac=geladeira&pfm_page=search&pfm_pos=grid&pfm_type=search_page&offerId=60ec6d7c52131c3c81ba6a61;Americanas
Termostato Refrigerador Electrolux Tsv9011-09 Dc41 Dc43;0;98.99;https://www.americanas.com.br/produto/23068242?pfm_carac=geladeira&pfm_page=search&pfm_pos=grid&pfm_type=search_page&offerId=5cfa78bbf216c95bdec14552;Americanas
Termofusível 160mm para Geladeira Brastemp e Consul W10257566 - Bivolt;0;16.56;https://www.americanas.com.br/produto/3581927356?pfm_carac=geladeira&pfm_page=search&pfm_pos=grid&pfm_type=search_page&offerId=60f8e24352131c3c818eca81;Americanas
Deck Duplex Refrigerador Consul Crd48 326041401;0;77.35;https://www.americanas.com.br/produto/1751296797?pfm_carac=geladeira&pfm_page=search&pfm_pos=grid&pfm_type=search_page&offerId=5ed99d2379bf8430cb478428;Americanas
Envelopamento De Geladeira Vinho Na Taça E Uva;0;166.14;https://www.americanas.com.br/produto/46664453?pfm_carac=geladeira&pfm_page=search&pfm_pos=grid&pfm_type=search_page&offerId=5f0f80e479bf8430cbc17aee;Americanas
Refrigerador Panasonic BT40 387L 2 Portas Branco Frost Free 220V NR-BT40BD1WB;0;2751.14;https://www.americanas.com.br/produto/3316547416?pfm_carac=geladeira&pfm_page=search&pfm_pos=grid&pfm_type=search_page&offerId=60ab934952131c3c814cc504;Americanas
Gaxeta Refrigerador Brastemp Consul Pratice 300L 138X56 Aba Rigida 326001584;0;183.58;https://www.americanas.com.br/produto/34481514?pfm_carac=geladeira&pfm_page=search&pfm_pos=grid&pfm_type=search_page&offerId=5ad7c43a172743a0f51192a2;Americanas
Termostato Geladeira Electrolux Com Degelo Automatico;0;98.99;https://www.americanas.com.br/produto/51048197?pfm_carac=geladeira&pfm_page=search&pfm_pos=grid&pfm_type=search_page&offerId=5cfab45bf216c95bde0cff8d;Americanas
Prateleira Verde Para Geladeira Consul W10423219;0;23.0;https://www.americanas.com.br/produto/1743598381?pfm_carac=geladeira&pfm_page=search&pfm_pos=grid&pfm_type=search_page&offerId=5ed6b01479bf8430cbbb2737;Americanas
Termostato Consul Geladeira W11082463;0;65.96;https://www.americanas.com.br/produto/419824851?pfm_carac=geladeira&pfm_page=search&pfm_pos=grid&pfm_type=search_page&offerId=5d811efcf216c95bdece8584;Americanas
Prateleira Basculante Traseira Refrigerador Brastemp Cinza Ice;0;20.73;https://www.americanas.com.br/produto/3586225943?pfm_carac=geladeira&pfm_page=search&pfm_pos=grid&pfm_type=search_page&offerId=60f96d7a52131c3c814350d8;Americanas
Prateleira Cold Room Consul para Refrigerador CRB39AC;0;44.89;https://www.americanas.com.br/produto/3580735707?pfm_carac=geladeira&pfm_page=search&pfm_pos=grid&pfm_type=search_page&offerId=60f8d2de52131c3c816fffc0;Americanas
Prateleira Multiuso Refrigerador Brastemp Brm50 W10347201;1;143.1;https://www.americanas.com.br/produto/1751469643?pfm_carac=geladeira&pfm_page=search&pfm_pos=grid&pfm_type=search_page&offerId=5ed9a28b79bf8430cb58455e;Americanas
Damper Eletrônico para Refrigerador Brastemp 127V;0;89.78;https://www.americanas.com.br/produto/34700313?pfm_carac=geladeira&pfm_page=search&pfm_pos=grid&pfm_type=search_page&offerId=607eeb580c070442665a1c8c;Americanas
Pe Fixo Geladeira Freezer Electrolux Re28 Rde30 Rde31 60016873 Orig;0;9.75;https://www.americanas.com.br/produto/1933881541?pfm_carac=geladeira&pfm_page=search&pfm_pos=grid&pfm_type=search_page&offerId=5f340c0976454e40ca550922;Americanas
Mini Geladeira Para Automovel 6 Litros 12v Black Decker BDC6L;0;659.0;https://www.americanas.com.br/produto/3925516447?pfm_carac=geladeira&pfm_page=search&pfm_pos=grid&pfm_type=search_page&offerId=6143ae2109c351890d3caf36;Americanas
Gaxeta Refrigerador Brastemp/Consul 112X52;0;157.61;https://www.americanas.com.br/produto/33256824?pfm_carac=geladeira&pfm_page=search&pfm_pos=grid&pfm_type=search_page&offerId=604bd54b0c07044266538aa7;Americanas
Envelopamento De Geladeira Bart Simpsons;0;165.29;https://www.americanas.com.br/produto/46683580?pfm_carac=geladeira&pfm_page=search&pfm_pos=grid&pfm_type=search_page&offerId=5befefe8172743a0f584aa3c;Americanas
Termostato refrigerador Consul RC1201-4P;0;98.99;https://www.americanas.com.br/produto/82677220?pfm_carac=geladeira&pfm_page=search&pfm_pos=grid&pfm_type=search_page&offerId=5cf8664cf216c95bdefb4aa9;Americanas
Termostato refrigerador Continental TSV0003-48P;0;98.99;https://www.americanas.com.br/produto/83443084?pfm_carac=geladeira&pfm_page=search&pfm_pos=grid&pfm_type=search_page&offerId=5cfa6069f216c95bdea58349;Americanas
Termostato Geladeira Brastemp E Consul Duplex Tsv2004-01p;0;62.0;https://www.americanas.com.br/produto/3953944140?pfm_carac=geladeira&pfm_page=search&pfm_pos=grid&pfm_type=search_page&offerId=614b82d709c351890d0b195a;Americanas
Envelopamento De Geladeira Mickey Mouse;0;166.14;https://www.americanas.com.br/produto/46690636?pfm_carac=geladeira&pfm_page=search&pfm_pos=grid&pfm_type=search_page&offerId=5beff005172743a0f584c272;Americanas
Mini Geladeira Cooler Automotivo 7 litros 12V;0;519.9;https://www.americanas.com.br/produto/2966196865?pfm_carac=geladeira&pfm_page=search&pfm_pos=grid&pfm_type=search_page&offerId=603e743d0c07044266bccd3f;Americanas
Refrigerador Consul CRA30F com Degelo Seco e Gavetão Hortifruti 261L 127V;0;1529.0;https://www.americanas.com.br/produto/4076177195?pfm_carac=geladeira&pfm_page=search&pfm_pos=grid&pfm_type=search_page&offerId=615de8f309c351890d8a32f1;Americanas
Termostato Eletromecânico para Geladeira Consul e Brastemp W11082458;0;95.64;https://www.americanas.com.br/produto/3581951330?pfm_carac=geladeira&pfm_page=search&pfm_pos=grid&pfm_type=search_page&offerId=60f8e2cc52131c3c818f90d0;Americanas
Envelopamento De Geladeira Flor Rosa Branca Azul;0;166.14;https://www.americanas.com.br/produto/46655647?pfm_carac=geladeira&pfm_page=search&pfm_pos=grid&pfm_type=search_page&offerId=5beff510172743a0f58c8ffb;Americanas
Refrigerador Brastemp Inverse 419L 3 Portas Frost Free Preto 220V BRY59BE;0;6449.14;https://www.americanas.com.br/produto/3459672126?pfm_carac=geladeira&pfm_page=search&pfm_pos=grid&pfm_type=search_page&offerId=60d5cce252131c3c8129985f;Americanas
Bimetal Antigo Refrigerador Brastemp 000404600;0;31.85;https://www.americanas.com.br/produto/1751286556?pfm_carac=geladeira&pfm_page=search&pfm_pos=grid&pfm_type=search_page&offerId=5ed99cad79bf8430cb460079;Americanas
Termostato Refrigerador Electrolux TSV9006-09 64786914;0;68.78;https://www.americanas.com.br/produto/34481968?pfm_carac=geladeira&pfm_page=search&pfm_pos=grid&pfm_type=search_page&offerId=5d961c6c752195a972cf14b9;Americanas
Termostato Refrigerador Electrolux Tsv0008-09 Robertshaw;0;95.38;https://www.americanas.com.br/produto/40671114?pfm_carac=geladeira&pfm_page=search&pfm_pos=grid&pfm_type=search_page&offerId=5c75f13ff216c95bde540a54;Americanas
Termostato Electrolux para Refrigerador 1 Porta Semi-Automático 320/340/370L;0;48.75;https://www.americanas.com.br/produto/3927073361?pfm_carac=geladeira&pfm_page=search&pfm_pos=grid&pfm_type=search_page&offerId=6143fb5009c351890dbb0d98;Americanas
Termostato Consul Geladeira W11082462;0;59.17;https://www.americanas.com.br/produto/419822994?pfm_carac=geladeira&pfm_page=search&pfm_pos=grid&pfm_type=search_page&offerId=5d811f2ff216c95bdecf15aa;Americanas
Gaxeta para Geladeira Ilpe Consul 49×105 W10268569;0;61.5;https://www.americanas.com.br/produto/1752859221?pfm_carac=geladeira&pfm_page=search&pfm_pos=grid&pfm_type=search_page&offerId=5eda5c2079bf8430cb92cb67;Americanas
Prateleira Plástica Refrigerador Electrolux DC47;0;78.2;https://www.americanas.com.br/produto/14155409?pfm_carac=geladeira&pfm_page=search&pfm_pos=grid&pfm_type=search_page&offerId=6143f74209c351890dacbfba;Americanas
Gaxeta Refrigerador Brastemp Consul 112X65 ENCAIXE 326000675;0;201.58;https://www.americanas.com.br/produto/35471845?pfm_carac=geladeira&pfm_page=search&pfm_pos=grid&pfm_type=search_page&offerId=5aec89ba172743a0f58d719c;Americanas
Termostato Consul Geladeira W11082457;0;63.05;https://www.americanas.com.br/produto/1416941664?pfm_carac=geladeira&pfm_page=search&pfm_pos=grid&pfm_type=search_page&offerId=5dfbcf841729c3bbf10901d2;Americanas
Isolação Geladeira Electrolux Rfe38 Rfe39 70200674;0;69.9;https://www.americanas.com.br/produto/3936186640?pfm_carac=geladeira&pfm_page=search&pfm_pos=grid&pfm_type=search_page&offerId=6145fe2209c351890d75ebf6;Americanas
Termostato Refrigerador Consul TSV0002-01 Robertshaw;0;81.25;https://www.americanas.com.br/produto/43193736?pfm_carac=geladeira&pfm_page=search&pfm_pos=grid&pfm_type=search_page&offerId=5bacf2f1172743a0f56b1621&buyboxToken=smartbuybox-acom-v2-70cf3fc4-279d-476f-bff5-75e6fb6c1d57-2021-10-15 12:12:50-0300;Americanas
Envelopamento De Geladeira Cabine De Telefone Vermelho;0;165.29;https://www.americanas.com.br/produto/46655651?pfm_carac=geladeira&pfm_page=search&pfm_pos=grid&pfm_type=search_page&offerId=5bf04e09172743a0f556fd38;Americanas
Termistor Refrigerador LG LR-27SPW;0;24.0;https://www.americanas.com.br/produto/3119766417?pfm_carac=geladeira&pfm_page=search&pfm_pos=grid&pfm_type=search_page&offerId=606c670e0c07044266f66e16;Americanas
Compartimento Geladeira Crm51/52/55 Consul W10549759;0;69.9;https://www.americanas.com.br/produto/3762011654?pfm_carac=geladeira&pfm_page=search&pfm_pos=grid&pfm_type=search_page&offerId=611ff62e09c351890db1228b;Americanas
Gaxeta Refrigerador Brastemp Consul 109X55 W10268571;1;159.44;https://www.americanas.com.br/produto/43193721?pfm_carac=geladeira&pfm_page=search&pfm_pos=grid&pfm_type=search_page&offerId=604bd64c0c0704426655aa6a;Americanas
Envelopamento De Geladeira Whisky Jack Daniels Cinza;0;166.14;https://www.americanas.com.br/produto/46662198?pfm_carac=geladeira&pfm_page=search&pfm_pos=grid&pfm_type=search_page&offerId=5befeebc172743a0f5836980;Americanas
Termostato para Refrigerador Electrolux DF34;0;49.68;https://www.americanas.com.br/produto/3548915281?pfm_carac=geladeira&pfm_page=search&pfm_pos=grid&pfm_type=search_page&offerId=60f04a5052131c3c81b8b622;Americanas
Termostato para Geladeira Electrolux D 33/ DC35;0;75.59;https://www.americanas.com.br/produto/3549041441?pfm_carac=geladeira&pfm_page=search&pfm_pos=grid&pfm_type=search_page&offerId=60f0539252131c3c81c74358;Americanas
Termostato Robertshaw Rc94012-6 Geladeira;0;90.0;https://www.americanas.com.br/produto/26634219?pfm_carac=geladeira&pfm_page=search&pfm_pos=grid&pfm_type=search_page&offerId=5ca4d575f216c95bde98005e&buyboxToken=smartbuybox-acom-v2-c96941fe-993f-476b-a876-0a52a6ae2b9a-2021-10-15 12:12:50-0300;Americanas
Refrigerador Consul Domest 1 Porta 342 Litros Branco CRB39A;0;1898.99;https://www.americanas.com.br/produto/4076209038?pfm_carac=geladeira&pfm_page=search&pfm_pos=grid&pfm_type=search_page&offerId=615defa209c351890d9b50f5;Americanas
Gaxeta Geladeira Inferior Brm48/crd48d/brj49b/brx48 Brastemp Consul W10223010;0;112.0;https://www.americanas.com.br/produto/3814822169?pfm_carac=geladeira&pfm_page=search&pfm_pos=grid&pfm_type=search_page&offerId=61291d1309c351890da2add5;Americanas
Prateleira Aramada Refrigerador Continental Rsv Original;0;39.9;https://www.americanas.com.br/produto/22734616?pfm_carac=geladeira&pfm_page=search&pfm_pos=grid&pfm_type=search_page&offerId=5dcdc5051729c3bbf1772ad5;Americanas
Termistor Refrigerador LG LR-21SPT;0;24.0;https://www.americanas.com.br/produto/3119766821?pfm_carac=geladeira&pfm_page=search&pfm_pos=grid&pfm_type=search_page&offerId=606c672a0c07044266f68ce8;Americanas
